"OILPRICE","BDIY_log","SPX_log","DX1_log","GC1_log","HO1_log","USCI_log","GNR_log","SHCOMP_log","FTSE_log","respLAG","pred","pred.deviation"
4.63151996131087,6.89669433162271,7.23762001981748,4.38236407773357,7.39970384697844,1.13994615216109,4.10709624614726,3.9419700817961,7.75576288743858,8.65990729361541,4.64631212931927,4.64821775774815,0.00360525200000006
4.62761637481792,6.91373735065968,7.23355649654538,4.38295120712502,7.40488757561612,1.13725591226031,4.09767235231478,3.93632529795111,7.77521284576233,8.65613740824062,4.63151996131087,4.63292950102779,0.00114813449999995
4.66494739002395,7.05185562295589,7.24273354303902,4.37226666070169,7.40928785583653,1.15794980801362,4.11021791137839,3.94468378766769,7.78168950624409,8.65483114058355,4.65272148784631,4.652902599255,-0.00258197780000002
4.63025296635555,7.04664727784876,7.24587615584887,4.37602113772196,7.40731771046942,1.14501866148227,4.10165113740454,3.94429656597844,7.79911376955725,8.65836283816268,4.65605339630266,4.65560354556389,0.00547498800000001
4.58435504627417,7.05358572719368,7.22190886863971,4.38086345844663,7.40473549592607,1.10154132817399,4.09150720740194,3.90941961955803,7.80466337535121,8.64031307185983,4.58995502018161,4.59163798704046,0.00158865110000006
4.56570144207772,7.04403289727469,7.21376094432128,4.38890293861331,7.3768209684999,1.09306358973769,4.08142817028887,3.88506282384536,7.78747745761565,8.62047154086974,4.5755353808584,4.57763327371213,0.00261336219999997
4.51612036915458,7.03614849375054,7.17385103430843,4.40525476079309,7.34858753092759,1.04696805551577,4.06078777869326,3.81990771652034,7.77438927131886,8.5826812615894,4.52785708288542,4.53180048912797,0.0034720332
4.51808607908098,7.03966034986208,7.1823445130722,4.4016086494016,7.37306038744632,1.05092651443555,4.065258981327,3.83406146395843,7.76144694109977,8.57631079589933,4.52796511507912,4.52950443984088,0.00252725610000004
4.49869794147757,7.02731451403978,7.18283072073803,4.40706065239352,7.36676115401833,1.0513110155501,4.0517849478033,3.82690075201131,7.77204088422891,8.59476515701112,4.51808607908098,4.52090396454824,0.00493610000000011
4.5071162455127,7.00306545878646,7.18452300606804,4.41467531850498,7.34536484041687,1.03393153519378,4.04111957876256,3.82994489439254,7.76787346383109,8.56910229615367,4.49869794147757,4.50058274412482,-0.00144959680000001
4.50821865991164,6.94119005506837,7.18373413517439,4.41839472527323,7.35851237628201,1.03985259346119,4.04567939024082,3.824065726669,7.75514599220124,8.58513217442443,4.50931986033126,4.51166717907097,0.000764940500000089
4.47528926513357,6.89365635460264,7.19475211671422,4.41890084694604,7.36486362024214,1.03275734587209,4.04602928527588,3.83966734323601,7.77889800596502,8.59250472471387,4.50821865991164,4.5099465504838,0.00774414419999991
4.421607859758,6.82762923450285,7.17803429286855,4.42513401570782,7.35115822643069,0.995545436847407,4.03033923224619,3.8155121050473,7.7715857200037,8.57939774095989,4.46049117461865,4.46407496768351,0.00960444920000003
4.44288652293064,6.80682936039218,7.15890302670594,4.42260459942129,7.38150189450671,0.968351731500614,4.01854284880582,3.80821683670256,7.74583362711748,8.5679243278226,4.43426323400939,4.43709585065659,-0.00130335810000004
4.41425178196862,6.7945865808765,7.188548678918,4.4175626831649,7.37994401913321,0.96374667303045,4.03069453514564,3.83643701847155,7.73621538928653,8.60771008356829,4.42268861639277,4.42784241905399,0.0030788088
4.42974479588198,6.80461452006262,7.18150068569505,4.41288313822605,7.38987273861138,0.959694989481441,4.02535169073515,3.8271184983377,7.74885683903219,8.60955357028704,4.41425178196862,4.41945401080967,-0.00232311009999997
4.43117387794013,6.81563999007433,7.19225730042729,4.41092988228061,7.38616101149202,0.966146994225585,4.02945042230411,3.83470990232548,7.73890198019885,8.6065035902953,4.42974479588198,4.43371909628029,0.000574389200000081
4.4042772436087,6.86066367144829,7.21375358046969,4.40165767862303,7.39357073974396,0.968921131937354,4.04340208348453,3.86241250487481,7.74100782120296,8.62807245075583,4.43117387794013,4.43569581441554,0.00713364960000007
4.37210255347619,6.88550967003482,7.19670155199554,4.41633143836587,7.35596054076646,0.929680684992915,4.01764348729183,3.82450240789865,7.72350939700838,8.61499118313954,4.37902212565358,4.3861634228856,0.0032160429000001
4.37399446297662,6.88550967003482,7.18061808653557,4.41886470389183,7.35883089834235,0.931573355405312,4.02499448408731,3.80843868917158,7.707112114579,8.60349931977651,4.37210255347619,4.38012772326874,0.00140221029999998
4.38464819537883,6.88857245956536,7.18537943979414,4.41738171280132,7.36264527041782,0.946431888786142,4.02105676645227,3.81793208202855,7.70619447285368,8.60282027738367,4.37399446297662,4.38109501158855,-0.000810369199999994
4.44218055749363,6.89568269774787,7.19221215607822,4.42301261574761,7.35147909920739,0.936838179761815,4.02802668118445,3.8275538488017,7.69431994023003,8.61124803816508,4.35272654896233,4.36191713877619,-0.0180684728
4.47346569499066,6.92067150424868,7.21928326421173,4.41119701197366,7.37274636640433,0.984285772359963,4.05595017423479,3.86304282320643,7.70801094660737,8.63774572181256,4.42783617070518,4.43482031303278,-0.00863880149999996
4.48829923425668,6.91075078796194,7.19916290294059,4.43692903340214,7.36723497539654,1.03829595266005,4.0973400712019,3.82820651933504,7.67163581550681,8.61235790609557,4.48300255201388,4.48983501169417,0.000342173599999995
4.49300881909976,6.88959130835447,7.19884902505146,4.4310072568955,7.37838371299671,1.04521151194099,4.10808308833261,3.83384522436412,7.66676042233355,8.61219423253303,4.48829923425668,4.49508632030341,0.00046238530000009
4.4674012562432,6.77764659363512,7.22644171029661,4.42506217748746,7.37713371283395,1.05040195636369,4.11021791137839,3.86262265513302,7.66075501868894,8.6504645502349,4.48762462213305,4.49589449971158,0.00637803540000004
4.5152454784601,6.75809450442773,7.21890970761906,4.42844494059106,7.37588214821501,1.04461358356907,4.0994979274629,3.84865712980633,7.65500231185891,8.64158544907922,4.4674012562432,4.47559325088662,-0.00878185419999999
4.52969204481213,6.65157187358973,7.2484116072139,4.41825007201888,7.3892550733663,1.10542238059666,4.11038193991972,3.89792408104864,7.68193390901853,8.67370109081717,4.53120066578792,4.53759752274026,0.00174525730000008
4.56445235270953,6.5792512120101,7.25524516916847,4.41560646793708,7.38056746054991,1.13876205729516,4.10445989596319,3.90801498403061,7.65548533731237,8.67154385124616,4.56017282005736,4.56523709166195,0.00017192399999999
4.56403564262954,6.57088296233958,7.25711553570553,4.41857551242096,7.38693542491258,1.12901216105919,4.1097256642604,3.90439397826365,7.65675808067158,8.67460711250401,4.56445235270953,4.56925010730793,0.00114251179999991
4.55702981066016,6.55535689181067,7.24891650508948,4.40098331602337,7.40762106251179,1.15360539696215,4.12971170605939,3.8797064039516,7.62438458368929,8.650236965174,4.56923207918246,4.57238846435624,0.00337032110000002
4.56871364897748,6.51471269087253,7.26691114289234,4.39818291624197,7.43897159239586,1.14501866148227,4.12713438504509,3.8969093676181,7.6265312191759,8.66169172450046,4.55944033428192,4.56029711002074,-0.00184221200000001
4.56995743023235,6.50578406012823,7.27095290391006,4.38742453973547,7.454719949364,1.1470531855016,4.13548650555328,3.92256721930382,7.66282506214629,8.6647162426675,4.56871364897748,4.5689876487691,-0.000212207999999992
4.58812575137883,6.49375383985169,7.27000664573364,4.38095105644695,7.4599147662411,1.16788956415285,4.13820194528588,3.92612312980693,7.66225622723175,8.66252221748035,4.57481406597319,4.57474139882542,-0.00291717209999998
4.5569248733601,6.49677499018586,7.28700645120759,4.37090249017095,7.47873482556787,1.15164739854725,4.12357968749044,3.96176509732296,7.63940175869269,8.68160532766662,4.57078575912626,4.56955085125017,0.00277072330000006
4.51491719701053,6.64898455002478,7.28405930574731,4.37954856679834,7.47448853468642,1.13098266869856,4.11103778516376,3.94584455390366,7.61736126720535,8.67228057525642,4.52102741787566,4.52016790930127,0.00116296979999997
4.52699240492407,6.64118216974059,7.27286356213968,4.38483518699592,7.48211892355212,1.15354229552657,4.11659517115692,3.9273056289593,7.64308512792565,8.65558027606402,4.5238516648105,4.52188576609609,-0.00112804229999997
4.48559805084725,6.9177056098353,7.26765800801321,4.38037527192465,7.4599147662411,1.14246967173189,4.09484443726375,3.93905434447918,7.66307881796876,8.68206335459644,4.50036507162196,4.50210730608142,0.00368050259999997
4.45120282269066,7.01121398735037,7.25354822820367,4.38552052392814,7.44483327389219,1.11297531150388,4.08058364697206,3.91780625018387,7.6565500103809,8.6652510620062,4.46210780314625,4.46485020610964,0.00306599899999993
4.45061942613949,6.95463886488099,7.25271992423249,4.38872912273355,7.44249272279444,1.1362933556358,4.08277792585064,3.92197333628131,7.6299465662438,8.66476801188036,4.44898410279876,4.45269755660241,0.000466930600000026
4.45713410716069,6.94985645500077,7.25271992423249,4.38448610768904,7.44424864949671,1.12707016148459,4.08277792585064,3.92197333628131,7.63160138829135,8.6741798460627,4.45061942613949,4.45504237900504,-0.000469298900000026
4.4853726225325,6.87832646829133,7.25648070909767,4.39516494781411,7.42863023860113,1.092895981672,4.0780457892526,3.92118094321291,7.6563513574364,8.67233195435713,4.45026922477013,4.45473872509665,-0.006829733
4.43604122298012,6.85329909318608,7.26430321485569,4.39376991169347,7.43307534889858,1.11609195854875,4.09067115685579,3.92907675999397,7.65254569269392,8.68014502719656,4.4853726225325,4.48911170642425,0.0119634784
4.44711188132982,6.87212810133899,7.22986051704539,4.39877312615249,7.45890677421969,1.09834558643957,4.06919767980015,3.89853241524565,7.63977214955549,8.65995931237686,4.44933475442996,4.45256847948579,0.00122699819999994
4.47026642352329,6.97166860472579,7.23548224408872,4.39679208687436,7.45717642050749,1.11159432289128,4.07940011483628,3.89284018601137,7.60535254321569,8.65662464440319,4.46303041882697,4.46561850629397,-0.0010397405
4.46002880031842,7.00033446027523,7.24347008596879,4.38993279843248,7.46522591057117,1.10174072334264,4.0876555740713,3.90197266957464,7.5964776846482,8.66556147105884,4.46797494681025,4.47059718973534,0.00236957869999999
4.47813195281737,7.00669522683704,7.25129533674977,4.38880361895291,7.44307837434852,1.10127540608759,4.08345212105568,3.9088178744792,7.58757402933075,8.66618200025224,4.46002880031842,4.46356735593139,-0.00325238230000002
4.48762462213305,7.00033446027523,7.25555596289576,4.38706392619115,7.45298232946546,1.1120548643646,4.09100566095659,3.91780625018387,7.58247878105883,8.67766101884159,4.47813195281737,4.48158514021212,-0.00134580819999996
4.48300255201388,6.98193467715639,7.25096193129373,4.38286378416644,7.4500795698075,1.11717231418902,4.09534406255518,3.91042172406117,7.5805823984001,8.67781432123085,4.48964709473255,4.49357041082522,0.00235731719999999
4.4573659912197,6.92951677076365,7.25083421465421,4.38120129417409,7.434847875212,1.09550747371463,4.09117287105647,3.9070104636046,7.6167315163789,8.68136774960414,4.47597224751641,4.48133504428486,0.005377403
4.45353301132513,6.89770494312864,7.25413541274151,4.3873623742634,7.43499544401622,1.07949742480843,4.08799108824993,3.91322228600363,7.61541661770011,8.68294488988103,4.4573659912197,4.46307070563856,0.0021416018
4.45190244958487,6.84268328223842,7.25739050212963,4.38794657718487,7.44570957013638,1.06339953291237,4.09100566095659,3.92137910035217,7.64193403209933,8.68636196163189,4.4492178842142,4.45474429637808,0.00063834439999999
4.4632609398054,6.80239476332431,7.26391809180411,4.38426163519845,7.44424864949671,1.07397800770975,4.08815880313501,3.92828997789202,7.63757184389909,8.68693596600333,4.45190244958487,4.45687075842933,-0.00143172930000002
4.46279984469636,6.68336094576627,7.25802475162235,4.38218912147219,7.43410970436575,1.07966729350034,4.08681629580131,3.92750257627653,7.63117945042635,8.68771203609104,4.45306740777813,4.45939489792764,-0.000762962000000034
4.46820433091493,6.66440902035041,7.25388077263149,4.37770480902486,7.43617521114908,1.09215817226164,4.08983440674421,3.92966644060074,7.67351145164349,8.68639573571704,4.46279984469636,4.4690422426737,0.00018752760000007
4.49435035088285,6.61069604471776,7.27710258824869,4.37433462688851,7.434847875212,1.0974449409161,4.08748777475889,3.9471970804358,7.67900174152513,8.68877393834413,4.47654104339091,4.4804815180357,-0.00308583709999999
4.48480882931691,6.56244409369372,7.27495761496497,4.37487613064504,7.40883355129325,1.11759758857919,4.07209895327478,3.95028171754524,7.68172178864404,8.69254048447286,4.50125307256832,4.50569084829036,0.00465616700000004
4.48424471805921,6.5510803350434,7.26553461285774,4.3796112199069,7.40943924483084,1.10605121776511,4.07312092577047,3.93025577368921,7.67476147213652,8.68946441235669,4.48480882931691,4.49018969919359,0.00132574860000001
4.51983013882108,6.54965074223381,7.24596172527782,4.38065068849395,7.41306572206002,1.11343521755975,4.06902675423781,3.92454428598182,7.71121320258195,8.68700347427312,4.50865928560725,4.51417158752474,-0.00125193889999997
4.53388898398313,6.54965074223381,7.2627618319303,4.38191412834528,7.41306572206002,1.11353374134511,4.07124651097612,3.94274617807099,7.7271517771007,8.68233467900034,4.51983013882108,4.52320025331983,-0.00235751930000005
4.53464041979756,6.55961523749324,7.29061343133816,4.39148179344464,7.40731771046942,1.10449495182627,4.06096011820252,3.96328629936569,7.73060967431057,8.71437051944218,4.5335667671284,4.53637891903784,0.00038338190000009
4.5342110970476,6.56807791141198,7.28748539808101,4.38849318141976,7.40564762733623,1.10925544876659,4.06336975792267,3.95393240850536,7.73427884015286,8.71022386701854,4.53464041979756,4.53747971418595,0.000720878899999944
4.54137805290031,6.61069604471776,7.28689010091094,4.3923110681244,7.41321654024898,1.12164498777868,4.0683427596831,3.95795193731655,7.72988477076788,8.71583091269513,4.53367418428302,4.5368709425466,-0.000992454299999945
4.53860294171598,6.62140565176413,7.29445881770524,4.38161404957235,7.42356844425917,1.11655043379912,4.0705640335567,3.96915919679896,7.73353469804867,8.71628992157189,4.54137805290031,4.54335258602628,0.00104649920000011
4.55629501820595,6.71538338633468,7.30824804546374,4.3838749255315,7.43277962214794,1.12109107042854,4.08193454214542,3.97574869630869,7.74722543985377,8.7289440922342,4.56684507166642,4.56761555335065,0.00248459220000008
4.57974980864118,6.64248680136726,7.31452620081101,4.37595825927227,7.42505986884584,1.13696724254457,4.09650888505148,3.97499780458953,7.77589724094958,8.75196487321111,4.58435504627417,4.58727179533577,0.0016424449000001
4.57078575912626,6.6052979209482,7.32071886973423,4.37799351255972,7.42267252065138,1.16042835729257,4.10445989596319,3.97349432751625,7.79693377333307,8.74557101996888,4.5709927341865,4.57371197844707,0.00064020049999991
4.56142726304017,6.61873898351722,7.31946087467976,4.38759858250071,7.41938058291869,1.16299454759738,4.09501100676526,3.9640460334953,7.79091519656899,8.73687475696727,4.56257578835567,4.56433620585711,0.000637726499999935
4.57481406597319,6.61606518513282,7.32609054351024,4.38618049543634,7.40701426637666,1.17439980198357,4.08899695589551,3.96556377235618,7.79663370324595,8.75438164965103,4.57995493684703,4.58240610196051,0.0016595289000001
4.57119966641694,6.62406522779989,7.3263274464009,4.39130842527212,7.38538599789049,1.16639553997057,4.08580823119981,3.96157478425739,7.79663370324595,8.75278691666762,4.56288879373149,4.56687515496003,-0.000946034299999954
4.53001551238733,6.60800062529609,7.31117830345608,4.40854684448328,7.3718037111892,1.10912351829376,4.06061540947797,3.92533401948782,7.7377645492318,8.74359542744537,4.52861306326594,4.53342168209955,0.000751911300000074
4.50114211556404,6.65415252018322,7.32528070158267,4.41350107663363,7.36660316365542,1.0750365521394,4.04812608842049,3.92888012249457,7.76620924934352,8.76070391652261,4.50733682563933,4.51241994932027,0.00250554939999992
4.50457607075239,6.69208374250663,7.33940132247294,4.41106345604692,7.36502188565356,1.08957154401596,4.05004430332552,3.93045214089651,7.75203860020847,8.7690408108588,4.5088795256698,4.51350477907271,0.00198214179999989
4.5224405383891,6.73696695800186,7.34677121060138,4.41837061785055,7.36628710802699,1.09021042498727,4.05143706121082,3.93983270606741,7.74872314717447,8.77703119063802,4.52124495105033,4.52540117341181,0.000654654299999891
4.52764098347885,6.74170069465205,7.35001508291878,4.41679031461017,7.36454701425564,1.08825887658862,4.05334894151858,3.94235820522422,7.74525818215935,8.7801111487214,4.5224405383891,4.52680130166608,-0.000185456800000039
4.53742653390157,6.77992190747225,7.35450947250662,4.41712829925923,7.36897040219479,1.07483176000271,4.0573347365882,3.94274617807099,7.72765845088633,8.78407033443483,4.53292202178047,4.53680434091896,-0.000137124600000038
4.54052499249456,6.79346613258001,7.35288971754851,4.41238608718323,7.3749424457183,1.07806938743678,4.05577696907284,3.93944360100414,7.73122872121766,8.77797158366825,4.53742653390157,4.5402774070227,-5.45279000000454e-05
4.57666782551538,6.8134445995109,7.3538311593047,4.42003266809465,7.37666455964684,1.12125401914893,4.04199808184989,3.91282268559871,7.71172801463097,8.76587972536102,4.57543236772413,4.57431548059037,-0.000513986399999999
4.54807059394752,6.79794041297493,7.35899012133449,4.4224125341185,7.36739286597869,1.1273293127656,4.0342406381524,3.9070104636046,7.70874289764873,8.7781256621253,4.57666782551538,4.57608647146395,0.00615994780000007
4.53539129138017,6.77650699237218,7.34838802582829,4.4196354725308,7.36185180850204,1.09927873321127,4.02731404976288,3.89385903480047,7.70764252318585,8.7672201245642,4.54807059394752,4.54845653285566,0.00288073080000006
4.5364629879783,6.75809450442773,7.34812410309818,4.41640390651011,7.35755620091035,1.06808435029915,4.02784857093374,3.89467336709303,7.70764252318585,8.74030474221844,4.52936847257181,4.52854280186755,-0.00174589459999996
4.47745044438572,6.78558764500793,7.34058260384611,4.41716450512579,7.23975323520843,1.02212713427992,4.00332516383493,3.84631046206276,7.69512113478106,8.73932823435679,4.47426391614029,4.48159099852281,0.000924757099999951
4.53945764262271,6.77878489768518,7.36441400984413,4.42180007965816,7.26438022167083,1.04426169391803,3.99783366184126,3.88526826811933,7.70450543162463,8.76900971584799,4.51557365217633,4.52018586525761,-0.00424539199999996
4.54318839363221,6.75925527066369,7.36688752833924,4.40332324346296,7.28258934353678,1.02564725285733,4.00733318523247,3.89141205152402,7.68612098032507,8.77203693986887,4.5111891225172,4.51583653653236,-0.00602041009999998
4.57171680972887,6.73459165997295,7.41906278662344,4.43843059732042,7.22165319356481,1.07738865221648,3.99691547244611,3.90580370561423,7.73318870228914,8.81330463667048,4.56455650310279,4.56850598610905,-0.000702323399999982
4.54595082632812,6.7202201551353,7.41176774581488,4.43910379521287,7.25028058731643,1.05556559912574,4.00642368084963,3.90459548959935,7.7417073361331,8.83058686930391,4.54626907806793,4.55176567211631,0.00127912640000005
4.54488925510316,6.71901315438526,7.40883961004496,4.43168546905912,7.23020103137021,1.05082162483176,4.00478448550946,3.90358752660704,7.73002979352133,8.80938507934585,4.54595082632812,4.55127924717575,0.00140597310000001
4.53913721538365,6.70686233660275,7.40753613321537,4.43063821146897,7.23164873339649,1.05413779856628,4.01620282433781,3.89853241524565,7.75105372378675,8.79893767120127,4.53399636653357,4.53941329976831,6.08231000001069e-05
4.53742653390157,6.69579891705849,7.39678917850962,4.42689244195116,7.24029120706754,1.02679400087764,4.01385731130941,3.88156379794344,7.7409208907603,8.79226103799506,4.52146243691461,4.52697751891005,-0.00230285050000001
4.53592728324593,6.69208374250663,7.40270758559184,4.41857551242096,7.24601163739685,1.04147740396311,4.02570876983196,3.89446984618056,7.74033826178281,8.78341155774396,4.53742653390157,4.54166885991999,0.00126580000000009
4.55786891287008,6.70318811324086,7.40416346923213,4.40553562022479,7.23219108177822,1.05910886889041,4.0241009088335,3.87473642064213,7.70115495143117,8.76413139129616,4.56194948353353,4.56431146020259,0.00141349989999995
4.56309740956618,6.71538338633468,7.39395823771137,4.39826901021975,7.22566340674077,1.04994711668683,4.02123609040146,3.85967652505594,7.70115495143117,8.75464982017754,4.55786891287008,4.56068523535966,-0.000528626499999962
4.58944722552286,6.82979373751242,7.40186598357111,4.3940540148866,7.23327489691321,1.08190686009641,4.01313450679656,3.87099265587015,7.6761119676394,8.75313450096031,4.58261778151758,4.58285172184557,-0.00143710200000002
4.58741346439883,6.86901445066571,7.40962693535999,4.39134557812516,7.22019093777511,1.0857634277992,4.01439907204501,3.87140932254285,7.6775347429396,8.76001387195599,4.58944722552286,4.5901829748039,0.000603719399999925
4.55807857845424,6.90274273715859,7.39567863653082,4.4017679855829,7.22457130615898,1.0894033495828,4.01800332896538,3.85502928390803,7.67017195943054,8.7560210976505,4.58741346439883,4.58877639410701,0.00673481489999994
4.57016457678928,7.04838640872188,7.38597506299921,4.42331252157942,7.11700272510424,1.06104886811314,3.98787231771158,3.80019719024589,7.57558977974977,8.73928018476961,4.57522630961502,4.58087371842406,0.00234327259999989
4.60116216459055,7.07242190053737,7.38706546754817,4.42452322627345,7.12508194497478,1.05556559912574,3.98285418618874,3.80666248977032,7.59851962284029,8.74954224180984,4.58486543264773,4.59008672954977,-0.00240709510000003
4.63686263272058,7.03262426102801,7.38734407340627,4.42683268230444,7.13089883029635,1.08221186730033,3.99434004791736,3.80153827225287,7.59803334757385,8.73711556028831,4.61749393567692,4.62064572315422,-0.00349738840000002
4.65310283974339,7.02997291170639,7.41011718633593,4.43602938018143,7.13568734702814,1.09917879483985,4.00769675549643,3.81661282062349,7.60495921975187,8.78032639094661,4.66833276094573,4.6716842647069,0.0039933406999999
4.66795717408686,7.04925484125584,7.42432040027533,4.41693517916207,7.1635596125359,1.11412468029862,4.01710348187865,3.84844402378527,7.63323411290535,8.78819695081521,4.66343909411207,4.66560256646425,-0.000504419300000003
4.68250152892441,7.04838640872188,7.42709059241554,4.41968362585098,7.16800191824785,1.12206836470445,4.01403793083488,3.85290974093564,7.6231139479073,8.79055826297322,4.66795717408686,4.66948425610948,-0.00277998260000001
4.67198735902541,7.03702761468628,7.43371973024091,4.41812951165416,7.16684495706982,1.12797689729801,4.02015966403272,3.8607297110406,7.59722069013946,8.79946565830048,4.6825940829529,4.68441937749931,0.00266097009999999
4.67497606023205,7.0343879299155,7.43575065530476,4.41336782809462,7.19067603433221,1.12050423508421,4.01836304119947,3.87015880132945,7.60327963182783,8.7983339158246,4.67198735902541,4.67243129725555,-0.000544337100000014
4.66870820679208,7.0604763659998,7.44405564841705,4.40925262092747,7.1772097331596,1.12213348370946,3.99948428119814,3.83729945923221,7.61550531692602,8.80205629430422,4.67226792952059,4.67137741021229,0.000571722000000108
4.65681341913993,6.96413561241824,7.44257473466278,4.40874159119146,7.17376673052352,1.11586264207464,4.00003388275086,3.83557383326474,7.62582919106594,8.79779022414479,4.66870820679208,4.66801919600755,0.00240631860000007
4.63860496207433,6.93147180559945,7.43302212453719,4.40125311563748,7.15656657704492,1.08660718154068,3.99064932588334,3.82166056534775,7.6240231055328,8.78127905001283,4.64794227783196,4.64803603002197,0.00203316899999995
4.66315603518674,6.91968384984741,7.43690007733104,4.39761697134497,7.16877248272443,1.08431050395725,4.00021701616406,3.84438635671233,7.62310416752577,8.78411627940807,4.63860496207433,4.6391105624542,-0.00515648040000005
4.6712387859578,6.9037472575846,7.43217014926393,4.40187828037648,7.20117088328168,1.10555480023468,4.01746351788614,3.85608737309784,7.65030196183685,8.79092338749996,4.6644762918855,4.66403490969106,-0.00154217680000002
4.67142598176516,6.91473089271856,7.43494232175533,4.40745068701404,7.19180576519987,1.11419031863143,4.01710348187865,3.85798911693566,7.65262166321739,8.79662633480961,4.6712387859578,4.67128441016106,-3.03058999999717e-05
4.67711868530067,6.99484998583307,7.41536774608479,4.40007527365111,7.19274623362243,1.12258919804956,4.03264644775189,3.86136109062592,7.64102661062624,8.77698491897709,4.67590820049343,4.67703614566635,-1.76474999999954e-05
4.64294755032212,7.04315991598834,7.40995379604761,4.39685366891705,7.22438917338369,1.12440998148925,4.03583229115443,3.84865712980633,7.63655431188081,8.77237789827524,4.65357932519578,4.653574515473,0.00228884020000009
4.66739352916822,7.05444965813294,7.41273987712312,4.40414276023859,7.22657258036463,1.12164498777868,4.02980604108453,3.84460032911071,7.63391161314903,8.77135467409989,4.65424602363468,4.6531780677354,-0.00304569590000003
4.70138904372863,7.06390396147207,7.39662972897812,4.40002616678228,7.25788384205084,1.1508567971747,4.05004430332552,3.84009726585656,7.6513911803471,8.77043908654689,4.69143962114027,4.68960084464371,-0.00250738640000003
4.67888522381037,7.0352685992811,7.4013350441315,4.40967827964075,7.24974796413473,1.15842089135697,4.04480411666196,3.84052700372308,7.6483727053834,8.77695407001361,4.68951133442184,4.68795777347191,0.00193904089999997
4.6855512979349,7.10249935577465,7.41039549350414,4.41210714546205,7.23705902612474,1.14329880629052,4.0384794293807,3.85967652505594,7.66275926308719,8.77565755344804,4.67497606023205,4.67354089873551,-0.00256328409999995
4.68767140749983,7.39510754656249,7.43196888246635,4.40318863172584,7.21799353714728,1.12226370899939,4.03706849440237,3.89182029811063,7.71479794847127,8.79306580590852,4.67804883140066,4.67716638823059,-0.00224098880000001
4.68407378358356,7.39079852173568,7.4285827174245,4.40273571376357,7.19142933003638,1.13667848947457,4.04270032906976,3.88526826811933,7.72117129193303,8.79315687091382,4.68767140749983,4.68872606900167,0.000993213499999923
4.66898969870105,7.40000951716269,7.43129375096774,4.40229483984637,7.18425000579334,1.13581172965722,4.04059210622285,3.8885496492425,7.71254221941712,8.79236736522481,4.68407378358356,4.68535194821918,0.00350445180000003
4.62536489327361,7.60240133566582,7.42747126609357,4.38848076191368,7.19029917357779,1.08889859648047,4.02481583290327,3.88053233833678,7.68463220787358,8.77372509607572,4.62820288509866,4.62894279047556,0.000773538400000051
4.64535197562092,7.59789795052178,7.43543801981455,4.38763587343839,7.16297872375976,1.08360016854761,4.02141538219934,3.8797064039516,7.68463220787358,8.77338459677665,4.62536489327361,4.62697263540042,-0.00395650110000001
4.63947498968008,7.65681009148038,7.42423687752428,4.38497229196245,7.18803502166716,1.10170749357541,4.03406363133717,3.87701739622933,7.68463220787358,8.76986447652821,4.63502020795698,4.63613032639536,-0.000720914199999978
4.62114195549779,7.67136092319064,7.41182815417542,4.38629252282093,7.19255821068307,1.10938736183607,4.03742141482248,3.8655601310178,7.6953941226348,8.75869519044622,4.63947498968008,4.64032596288915,0.00415135639999997
4.6348260708956,7.66152708135852,7.41240185167141,4.39037915505403,7.1731917424866,1.10439553342384,4.02802668118445,3.86514101952802,7.70154837893593,8.75430276227849,4.62114195549779,4.62283958429312,-0.00258617829999996
4.58292457704077,7.53796265976821,7.4643149732454,4.38153901580712,7.18349128041552,1.10213939444427,4.03406363133717,3.91442013002787,7.70941599919131,8.80300351323522,4.5973396068729,4.5996327165685,0.00364573740000007
4.57326663697508,7.52131798019924,7.47003608403129,4.37569412660067,7.19518732017871,1.09771188342495,4.03600898520914,3.92513664457353,7.70104186891474,8.80922080829825,4.58292457704077,4.58537047553381,0.00264665050000001
4.57233702889285,7.34665516317654,7.47983591406264,4.38033770924192,7.20730416149875,1.08657344505635,4.02660091013558,3.92256721930382,7.66334190415919,8.82095036432469,4.58700621536042,4.58823327301859,0.00347661250000009
4.56829871121219,7.30249642372733,7.47494800358251,4.38242655469521,7.21137221444622,1.09145339146963,4.02642254573664,3.92118094321291,7.67807644096778,8.82139309034355,4.57233702889285,4.57426164876817,0.00130528630000004
4.549868870203,7.32974968904151,7.47400047234096,4.39444915467244,7.17529841759303,1.05855389142212,4.00769675549643,3.91042172406117,7.67301844901501,8.81502854442253,4.54976317871635,4.55295967471296,0.000679317299999926
4.54542018158232,7.3790081276283,7.47901162341401,4.39140749647963,7.18462915271731,1.05417264723594,4.00806019362509,3.9231607498386,7.66837884841697,8.81606739762213,4.55176940926098,4.55412268248427,0.00191456470000007
4.54159120434522,7.32448997934853,7.49031720757809,4.39778924935288,7.15929190479756,1.07520718022179,4.01548171379638,3.91362172679184,7.64993545136935,8.80479026025531,4.5407383258287,4.54334745628407,0.000386704100000079
4.53614159957766,7.30988148582479,7.48878024615506,4.39351044261517,7.15128951994408,1.0667087396551,4.00896821148462,3.91860132078827,7.69308046648307,8.80956425335415,4.53624874052167,4.53969479792087,0.000783308499999968
4.54137805290031,7.50714107972761,7.49876452356986,4.39234818374575,7.13329595489607,1.11442001887362,4.02266952551521,3.90358752660704,7.70548767473216,8.80246235514373,4.5295841990315,4.53311499707244,-0.00181950409999998
4.58138965732269,7.67089483136212,7.4871905007952,4.38706392619115,7.10865322134903,1.11501043447775,4.02302756347106,3.88732039278777,7.71737797409852,8.77929588321504,4.57862085075455,4.5807676189968,-0.000135774999999949
4.58292457704077,7.70751219460034,7.48493028328966,4.38469806322904,7.11619120142407,1.08616851844377,4.02249045845412,3.87949981372259,7.67372532057984,8.77743212203786,4.57697645161731,4.57881329864829,-0.000897086199999952
4.59279391492004,7.67600993202889,7.50144117581525,4.38733750699246,7.11517586983111,1.10197330080029,4.02445843475793,3.89365534806996,7.67242280095094,8.77834133208948,4.58292457704077,4.58337616235099,-0.00205054979999997
4.5973396068729,7.71735127218533,7.51097228153961,4.39200171769596,7.08924315502751,1.11844759516888,4.03069453514564,3.89548703678805,7.64478057935049,8.80666366372724,4.59421034575175,4.59785549407583,0.00011221430000008
4.60066003051021,7.73061406606374,7.51388380979873,4.39270689708198,7.08924315502751,1.12437749655414,4.03388659318499,3.90177062896379,7.64631072104367,8.80899675882719,4.5973396068729,4.60104166042307,8.29511000000061e-05
4.55849777778966,7.73061406606374,7.52205403842437,4.38644187314729,7.09381982205493,1.12402009260264,4.02677924272633,3.91681152215994,7.65727334113768,8.81716444164356,4.58924403543783,4.59269073391437,0.00750092640000011
4.54286915979071,7.65586401761606,7.51315262814392,4.39402931346503,7.11069612297883,1.09416909897073,4.01638302075239,3.90801498403061,7.65415408514672,8.8125308846789,4.55849777778966,4.56167568652638,0.00413979050000002
4.53721249280486,7.61874237767041,7.51281959962868,4.39608978341344,7.11842130878523,1.07820547889045,4.01403793083488,3.90439397826365,7.64163164975615,8.81443442911699,4.54286915979071,4.5461799478839,0.00197642389999997
4.53977796722104,7.57609734062311,7.51030465901703,4.39425160429645,7.12789432127605,1.07800133476399,4.01620282433781,3.90278042406121,7.62350019648506,8.81443442911699,4.53721249280486,4.54061131779165,0.000183566400000057
4.52536911578454,7.53689712956617,7.51636801242735,4.39639787197285,7.11273485966868,1.08495275388214,4.01548171379638,3.90177062896379,7.62428689977482,8.81811226690001,4.53977796722104,4.54372733263953,0.00405673359999992
4.51808607908098,7.50988306115491,7.51615578889531,4.39845347235942,7.1074254741107,1.0816017598347,4.01078177745141,3.90136642523962,7.62283027799935,8.81311125479273,4.52536911578454,4.5294903446583,0.00252413639999993
4.51961229762644,7.32118855673948,7.51880806526492,4.3935475137485,7.12628821773866,1.07864764824851,4.00878667386045,3.90156854752429,7.6075304458323,8.81580036700103,4.5295841990315,4.53250448631233,0.00285249880000005
4.54286915979071,7.22548147278229,7.52206485876878,4.39810911550393,7.11963563801764,1.09178906331998,4.01836304119947,3.90318405676094,7.6125098325838,8.82760008797341,4.54510165952197,4.54919352034729,0.00139215119999991
4.56142726304017,7.1276936993474,7.49013289688559,4.39102354086514,7.14440718032114,1.14339443144,4.03016153344519,3.87349005571136,7.62773424588255,8.80443016482613,4.5709927341865,4.57401988855681,0.0027606765999999
4.58731166768678,7.04577657687951,7.48110489608649,4.39140749647963,7.1420365747068,1.15738421491134,4.03051689947594,3.86723482263801,7.62555116872969,8.78634972075258,4.57841544867927,4.58066034900405,-0.00144993829999995
4.57974980864118,7.02731451403978,7.49230894559499,4.39889604271688,7.12488075797078,1.16844924825689,4.02660091013558,3.86890671435452,7.61730716356736,8.78546306034656,4.58731166768678,4.58889265781125,0.00199636430000005
4.56881735652229,7.01211529430638,7.48582264189742,4.4015596177762,7.13169851046691,1.18766047883363,4.02535169073515,3.85756681963209,7.61730716356736,8.78115617724742,4.57974980864118,4.58112703507453,0.00269428119999993
4.60886335782571,6.99484998583307,7.50645440799837,4.39299130239857,7.15617663748062,1.10793536012896,4.04059210622285,3.89059505801453,7.65143871744981,8.80577985460242,4.60457000591606,4.60505108906614,-0.000827160299999963
4.63395198741354,7.05617528410041,7.51138795233433,4.38625518175384,7.18576573173719,1.14638606347295,4.05906274807746,3.90761329693945,7.6697519874225,8.82419247925325,4.63773417686135,4.63749077702693,0.000763665600000074
4.62330475618357,7.06817200038804,7.52164819096873,4.38655387125588,7.1964992873803,1.12726453124127,4.05992563535164,3.91641335372944,7.63853055900532,8.83432240939075,4.63297988662736,4.6323943249662,0.00196603279999996
4.65319815499867,7.13727843726039,7.52803602405497,4.3804629126977,7.19029917357779,1.12794452802939,4.05958056978576,3.90962012081184,7.62866353032747,8.82610334530977,4.63074046209962,4.62921666949052,-0.00515376410000001
4.61956606627182,7.18916773842032,7.53578243603144,4.38615559875756,7.1964992873803,1.11208775206953,4.0680005868825,3.91022138348152,7.63601377915336,8.82817178041845,4.63792775022626,4.63550723007247,0.00345079250000002
4.63064298196112,7.29979736675816,7.5374460194103,4.37962375005757,7.20433514836953,1.09292950553261,4.07533162304017,3.92137910035217,7.63025735750142,8.82298528304034,4.62064975683648,4.61836902006325,-0.00265059560000003
4.60116216459055,7.37713371283395,7.53183101353966,4.38727533610955,7.19743535409659,1.07161786226913,4.05958056978576,3.8877303128591,7.62443342206845,8.7883189615523,4.59975555328659,4.59459496567921,-0.00142729129999997
4.62173227428707,7.25276241805319,7.52242186446843,4.38720072594761,7.16703787691222,1.08102520524106,4.07175806354931,3.90217466937333,7.62393027248807,8.79305062760136,4.61788895839587,4.61650786321873,-0.00113040109999996
4.63860496207433,6.96696713861398,7.53485880626121,4.37824449137842,7.17146479204301,1.08316018410919,4.08479914937857,3.93554420046949,7.65218475386913,8.80020437221812,4.64053732982538,4.63905201853869,9.63774000000139e-05
4.64188776892325,6.93634273583405,7.51375289118628,4.3769512768071,7.18576573173719,1.07806938743678,4.08530381756995,3.91959427092446,7.66589400304952,8.80116840193669,4.63860496207433,4.63820947794846,-0.000792412699999967
4.64198415911081,6.89669433162271,7.51240452362559,4.38140143927996,7.18973361601724,1.09162124147926,4.09067115685579,3.92157721823296,7.66460000215632,8.79236736522481,4.64487155283964,4.64368677756539,0.000366786799999907
4.64727136200673,6.84161547647759,7.52957293162717,4.38231409335368,7.17127272443462,1.10213939444427,4.08614436565676,3.92927335883467,7.65212775161753,8.79242811856626,4.64208054000819,4.64043475170878,-0.001471102
4.6243844049119,6.84481547920826,7.53657191677551,4.38287627362846,7.15870853093561,1.09222526834326,4.09517754852599,3.93417581006928,7.63403738410094,8.80607953843822,4.61946749068892,4.6206372962617,-0.000810293499999948
4.60256680011798,6.85540879860993,7.5381383631813,4.38216412522162,7.16838727470734,1.08859562228146,4.10165113740454,3.93905434447918,7.61102109306325,8.82024159474848,4.61788895839587,4.62012573344434,0.00381503059999999
4.61284069229231,6.92951677076365,7.5324737146201,4.37255693829746,7.17491571571312,1.06046033751853,4.094177881665,3.94661765019264,7.61482508838244,8.82447198761458,4.60015764416455,4.6032880348601,-0.00207088389999999
4.60507018098776,6.91572344863131,7.53669988196915,4.37597083527851,7.16006920759613,1.07165210708533,4.09551054886207,3.95258896717481,7.60850846044147,8.8304406661983,4.60776681183536,4.61185069363206,0.00147240160000006
4.61105284914625,6.90475076996184,7.53821821816469,4.38302613500696,7.16336602043385,1.06705281976034,4.09617621705107,3.94854778011052,7.60645700445541,8.82682264835084,4.60507018098776,4.6084665012284,-0.000560901800000013
4.62516887249478,6.92853781816467,7.53414815202869,4.38429905077955,7.1693500166706,1.08200853950133,4.0994979274629,3.9545076170343,7.61331016461608,8.83067458090821,4.62005879848184,4.62347657900272,-0.000365887900000028
4.64506374964977,6.9177056098353,7.53520593484379,4.38466066257452,7.16665200000216,1.08153394713336,4.10610842914234,3.94874058836331,7.60495423998218,8.82497196556714,4.62927726133132,4.63228520028911,-0.00275099550000002
4.64775063352321,6.87316383421252,7.54564870128179,4.38723803172442,7.1689650311028,1.08204243033894,4.10841181943354,3.95527404742246,7.61149120042958,8.82770272350739,4.64188776892325,4.64370811145081,-0.000869780299999956
4.64544803248666,6.87109129461055,7.54988807362437,4.38903948704167,7.1635596125359,1.0834648093379,4.10577893984776,3.95737870714894,7.61803977333794,8.82699872535564,4.64775063352321,4.64905223661891,0.000775857200000063
4.64034426099575,6.86066367144829,7.5547433311605,4.3911474136232,7.14164092682825,1.07520718022179,4.09783845147636,3.94951144983914,7.625707260961,8.83217909839536,4.63200683994165,4.63461935468145,-0.00123372450000003
4.63190948317771,6.84587987526405,7.56009608989976,4.39021799370017,7.13489085156588,1.07124109187198,4.10082352831981,3.95603989084492,7.62099426070974,8.83510859584477,4.64034426099575,4.6431577937442,0.00242843920000002
4.62957007281163,6.83947643822884,7.56193811352394,4.38846834225336,7.13129875031767,1.06063347071033,4.09534406255518,3.94835493467554,7.62031775693376,8.83120068903557,4.63190948317771,4.6343278994238,0.00102770379999995
4.64775063352321,6.90675477864855,7.57623572161696,4.39169227154022,7.13369491759835,1.06167164085583,4.09617621705107,3.96081316959758,7.61603734712635,8.83564692253477,4.64832545630202,4.64911199681028,0.000292908000000036
4.66842663562311,6.880384082186,7.57244639905729,4.39325090619519,7.14045304310116,1.066192397412,4.09600984154116,3.95852483907957,7.62800679573409,8.83038217897043,4.64822967544854,4.64839919187552,-0.00428997720000002
4.67198735902541,6.84481547920826,7.56533227509344,4.39049071308601,7.14342011085002,1.09503924628133,4.09982949245267,3.95680514820004,7.6264288707672,8.83099612431934,4.66842663562311,4.66869693836433,-0.000704287100000034
4.66682956637482,6.77992190747225,7.56929826691508,4.39032956971144,7.15168136947888,1.09791204355372,4.10132017595853,3.96385615406816,7.64299404778705,8.817979033245,4.671893818031,4.67017155181065,0.000716114700000103
4.67525579355478,6.80793494369993,7.58043441090222,4.38826960670761,7.16472037877186,1.11592816643334,4.10627313308737,3.98080252082297,7.6126976222994,8.82586835874698,4.66748749205295,4.66533247985113,-0.00212251779999995
4.66372207293771,6.78671695060508,7.58203049904118,4.38748670134324,7.18045060912559,1.1094203373847,4.10726078748865,3.97781074596615,7.61300888020379,8.82476612256581,4.66504158302548,4.66173695249235,-0.000425651499999957
4.65747796561144,6.72262979485545,7.58118942823206,4.38434893604345,7.18349128041552,1.09781196849734,4.11251186617755,3.96953691162875,7.61899283746188,8.81845267228171,4.6609832508073,4.65743481523835,-9.26479999996399e-06
4.64496765586216,6.79122146272619,7.5881312537597,4.38306359684272,7.19029917357779,1.08048226179564,4.10594369806545,3.97874663747105,7.63017966874197,8.82708675223324,4.64899566552812,4.64515994594225,4.13974999999844e-05
4.63986142577802,6.79122146272619,7.59359583102631,4.38665341460087,7.18349128041552,1.07445619879035,4.1031391099036,3.98471569082159,7.632027994981,8.83422045106248,4.64496765586216,4.64167024812712,0.000389844000000084
4.63860496207433,6.78897174299217,7.58966455011528,4.38645431800103,7.1800698743028,1.06969827850347,4.09301033920896,3.97762346251209,7.63042728062375,8.82812781567817,4.63986142577802,4.63613059497561,-0.000533429099999982
4.63404914553847,6.76041469108343,7.58722433910711,4.38371271244554,7.18746818178424,1.05469523160165,4.0849674004095,3.98061579689376,7.62002348204947,8.81254577017224,4.62781191646892,4.62262138282821,-0.00246604260000005
4.61343593040512,6.7286286130847,7.58308466116911,4.38527136483877,7.20061144270765,1.06239771920046,4.07243972683405,3.96934807204742,7.61989103009377,8.8057348942799,4.63404914553847,4.62666611948706,0.00286775179999998
4.61709875685337,6.66185474054531,7.58745241181768,4.38867945550398,7.1777824161952,1.04924695912278,4.06147695859648,3.96821428507789,7.63547778418177,8.81142874283786,4.60477010596675,4.59927466215247,-0.00386045339999996
4.63599032832798,6.60394382460047,7.57974010824006,4.39021799370017,7.17204077362752,1.05054186542303,4.06199353200444,3.96840333886425,7.62831819034656,8.81556294657286,4.63657194912762,4.63154483565856,-0.000958908999999952
4.65004794476618,6.59578051396131,7.58995272945583,4.39049071308601,7.17568097306824,1.04563336387722,4.0613047081439,3.97311810478796,7.63000970353587,8.81722370704888,4.63599032832798,4.62990582285796,-0.00433159449999998
4.64842122798241,6.58479139238572,7.58762976574818,4.39086248333628,7.17892679930693,1.05040195636369,4.06199353200444,3.97198858659558,7.62777805354744,8.81409265291763,4.65004794476618,4.64324213380767,-0.00111416200000003
4.62173227428707,6.6052979209482,7.59001338820991,4.39722308155516,7.166072905304,1.0701099281954,4.06731588983418,3.98098920989287,7.6622844415477,8.82344183344186,4.62585477718092,4.62150940781598,-4.8221400000048e-05
4.61482344301623,6.61069604471776,7.59030146705454,4.39716152225815,7.17357510457678,1.0605295943923,4.07039334139959,3.98210861299483,7.68613934638825,8.82292635812539,4.62173227428707,4.61707138761309,0.000487113900000002
4.54838817188911,6.94889722231331,7.58667168062837,4.40347007196753,7.16761641323151,1.03175998168027,4.04006435530903,3.95680514820004,7.71399450971034,8.816008063646,4.56860993067629,4.56324447385837,0.00326627839999993
4.5395644288901,6.99942246750796,7.59708016386834,4.41044400903538,7.15089751680304,1.04292338280752,4.03706849440237,3.958906591327,7.70996312120868,8.82139309034355,4.54286915979071,4.53865553267324,-0.000200216600000025
4.5289368799885,7.05185562295589,7.60475004807096,4.429291827141,7.14361760270412,1.03645315675972,4.0517849478033,3.95354875225664,7.75209018271685,8.83274817978206,4.53571292097287,4.53273534034279,0.000838709099999946
4.55261293524942,7.06731984865348,7.59293580989175,4.43737855667845,7.11821877713897,1.00781192434161,4.02302756347106,3.92493923069469,7.7575386194317,8.82529534755758,4.53173890790221,4.52878343387398,-0.00523424719999999
4.51699449508437,6.98193467715639,7.59804337625588,4.44265125649032,7.10126402516666,0.988462545167122,4.01168732854109,3.91002100275747,7.73625032637794,8.82078798232807,4.51655752763149,4.51355497302822,-0.000761462499999976
4.52753291626094,6.96224346426621,7.60005209808724,4.44617445449763,7.10434949506281,0.989132188049289,4.01710348187865,3.91282268559871,7.75943068676945,8.81080266208281,4.53044663979215,4.52591416773426,-0.000357534299999962
4.51096939058926,6.96129604591017,7.57361347930441,4.45714570264077,7.10373316222358,0.976670617862867,4.00660564791409,3.86744396203018,7.76805538547414,8.78836471174103,4.50788806318154,4.50334701037832,-0.00168974330000005
4.50358033022646,6.94408720822953,7.58472226331304,4.46571269726222,7.08590146436561,0.961761105918913,4.00204650807573,3.85502928390803,7.76805538547414,8.78384057789916,4.49691660054784,4.49186379372872,-0.00260160490000005
4.48694955460066,6.93634273583405,7.58315591705411,4.45677458057214,7.08652888256041,0.96367037792093,4.01566204018763,3.8636727444871,7.76805538547414,8.78930974732641,4.50358033022646,4.49996968126513,0.00290177689999993
4.46946500382272,6.92264389147589,7.5679142837151,4.45368428581298,7.09878877637811,0.958315203129387,4.01584233406714,3.84844402378527,7.76805538547414,8.77888030359093,4.48694955460066,4.48357727525882,0.00315748560000007
4.40476612164337,6.86066367144829,7.53622526212273,4.45314890404972,7.11395610956603,0.938756476589818,4.0095126267054,3.81485109367587,7.76896027107209,8.75875802425083,4.45131946116983,4.44881278810853,0.00999977419999998
4.41521960202965,6.84054652928869,7.52966958111178,4.44765050410785,7.12084849444285,0.899592082251104,3.99194262860402,3.81352775867905,7.77219255961018,8.73417379069503,4.4040327149365,4.40034748655456,-0.00336837499999998
4.3945726038424,7.05185562295589,7.57600507598757,4.45578811823593,7.11700272510424,0.915890651852815,3.98805769170414,3.83923723570249,7.74171602268328,8.76704877832756,4.40781620636017,4.40243694083017,0.00178955669999992
4.36665915754276,7.26403014289953,7.60988697761355,4.46830753659822,7.05983238186249,0.920641254611413,3.99304984407052,3.85629885665578,7.79159719654995,8.78668583466781,4.38875395542331,4.38606707177671,0.00444456820000005
4.36500762950429,7.26961674960817,7.61638695357646,4.48110244286457,7.04315991598834,0.899632754978012,3.99452422693989,3.83859172734226,7.79394137967723,8.78740351795598,4.35555431434277,4.35417723287449,-0.00248118620000004
4.34898678059568,7.27031288607902,7.61673643784461,4.47641593605434,7.05142262879455,0.916090711871488,3.99783366184126,3.85206066425546,7.79076633474143,8.78984284103406,4.36500762950429,4.36341173762511,0.00331685469999998
4.32598524379026,7.13568734702814,7.62061684765118,4.47484507631185,7.06390396147207,0.882154669944473,3.99120380330259,3.84993481311472,7.81553791947561,8.80303356898865,4.32836211008819,4.32766807725553,0.000389005800000009
4.32783440559045,7.18841273649695,7.63215884919264,4.48405284771783,7.09319696311234,0.87734198173558,3.99911771227908,3.87473642064213,7.81874800115499,8.81741629536233,4.33742145124376,4.33526480663758,0.00171688659999991
4.20185276993739,6.98378996525813,7.63739348895783,4.49138539668147,7.09402735552044,0.757716951209245,3.95603989084492,3.83729945923221,7.9300335299064,8.81233735309915,4.21034823797841,4.20825831941231,0.00152445830000003
4.14392806241093,6.88959130835447,7.63789473002189,4.49507626319102,7.08506429395255,0.745644749517699,3.9529729917571,3.82559327742976,7.98536522097849,8.81623054790615,4.18722755636881,4.18627087923419,0.0102180385999999
4.05716177109438,6.78784498230958,7.618413246892,4.48792825390876,7.10352763350021,0.723385363620555,3.92848673145881,3.77986210182581,7.98130271912201,8.77364772005142,4.09351088147352,4.09099004176857,0.00833791520000005
4.02374325503855,6.76041469108343,7.60206678145618,4.48407542261003,7.10414409298753,0.701115350209122,3.92434675511698,3.75560308615684,7.98554221755134,8.74840014594,4.05716177109438,4.0547902644508,0.00771595190000007
3.99120380330259,6.66185474054531,7.64519203504826,4.50881345874398,7.07791990550546,0.614699034230803,3.88424062441569,3.79503964994233,8.0608620660457,8.79988784735697,3.98173561783945,3.98167705053621,-0.00238693720000005
3.88465180863201,6.63068338564237,7.60220660876967,4.5226903442478,7.0985822288198,0.54592246080342,3.8784662218993,3.75044480977209,8.11714836699361,8.75880514701349,3.86974161317154,3.87165694219286,-0.00334518179999999
3.82624722840674,6.58340922215876,7.6149335616217,4.52782467095134,7.11191986369854,0.503257054266038,3.86535059722972,3.76421881065975,8.08002686773714,8.77977281730718,3.83016197894783,3.83279181154367,0.00171044440000001
3.94526433920795,6.33505425149806,7.63168381513152,4.5481976372271,7.13827158462576,0.591059082476161,3.83902211254366,3.81374843615981,8.05087237229259,8.83432240939075,3.92157721823296,3.92150067326914,-0.00602333929999999
3.96764690917614,6.3261494731551,7.62825981124237,4.55948220506867,7.12367278520461,0.609276321522798,3.8448142557347,3.80086795606198,8.03135607141986,8.83250015848014,3.94526433920795,3.945529201873,-0.00557451499999995
3.91242292544947,6.31716468674728,7.62400356245007,4.55729210574363,7.12165624892941,0.627488031753671,3.85290974093564,3.80577320558544,8.03758195658032,8.83013357008211,3.96764690917614,3.96802242111959,0.0142110137
3.98024224440529,6.27287700654617,7.64825826217333,4.55421367698724,7.11679990591684,0.678743950249202,3.86030856974147,3.83189696094886,8.07210224810393,8.83542871691147,3.96613233107518,3.96566725411177,-0.00366183499999995
3.91879998970717,6.2363695902037,7.64847760015497,4.55384531215455,7.09796233005008,0.690042365606467,3.84759114526876,3.82624722840674,8.08545905382526,8.83766669959293,3.93495797671064,3.93613150321773,0.0044226584
3.89751831922526,6.23832462503951,7.65428207604532,4.55524437721837,7.09381982205493,0.796560802249027,3.83880694309689,3.82078452499387,8.08545905382526,8.84104324525046,3.90096205806872,3.90258860621078,0.00130090140000005
3.90721144843092,6.27852142416584,7.65479387588589,4.56190771592848,7.09692831072519,0.758841283755308,3.84288726659328,3.824065726669,8.10118065422723,8.84645377215956,3.87473642064213,3.87764727708426,-0.00756656550000001
3.90419242631296,6.3297209055227,7.65018773921684,4.57427789504556,7.09174211509515,0.629834574348179,3.83276332444251,3.80332358850481,8.08594247361393,8.84809278681753,3.92710864284619,3.9281087683505,0.00612581029999992
3.78328012953542,6.34738920965601,7.64945450012425,4.6001676943653,7.04512305327494,0.572390979424146,3.81529181646837,3.77230106225301,8.1823636049063,8.84580605246998,3.79907824641201,3.80527361927881,0.00581333899999992
3.82253583892661,6.36990098282823,7.64457000164894,4.60773688918541,7.06133436691044,0.543660606859564,3.80888224650863,3.7532617130432,8.18375195666438,8.84826515850878,3.78328012953542,3.78887621030343,-0.00880557569999996
3.89609685487789,6.3919171133926,7.64563679088225,4.58541635750123,7.0829682965388,0.534444489364625,3.82472067702535,3.77780566330834,8.21376377786882,8.85647576106395,3.86094021519883,3.86446849876409,-0.00811795940000004
3.89467336709303,6.39024066706535,7.63031076502266,4.59464498993158,7.08757370555797,0.557842788529047,3.81661282062349,3.76630335107874,8.24546058070967,8.82607397500901,3.91382138736953,3.91308320303071,0.00472692680000009
3.98861360758986,6.37672694789863,7.64042120520234,4.57896993748562,7.08882605387444,0.567754011151883,3.81903013857898,3.78145863540703,8.24951764704009,8.82959226640486,3.95393240850536,3.95157280144118,-0.00928663689999998
4.0206980220538,6.38519439899773,7.65206599551137,4.58550814880866,7.0936952812988,0.646055573026095,3.83600551900423,3.81881062370597,8.34160570975665,8.86227114950931,4.03795056202594,4.03496685234686,0.0035488441
4.01204931949527,6.39359075395063,7.6498830817637,4.59135519695436,7.08715590734843,0.62972803269029,3.82319179172153,3.8079949350041,8.34689822439896,8.86108072379158,4.03211448568597,4.02883878549757,0.00418476060000006
4.08815880313501,6.38856140554563,7.65294922000277,4.56116605049004,7.09754885061479,0.666854538605021,3.85248529271195,3.83102984621861,8.4066235763719,8.84596442269671,4.07039334139959,4.06571524507829,-0.00548989389999999
4.10098910494077,6.3750248198281,7.65656892765095,4.56478559579262,7.0698316105479,0.682440063416257,3.85312189750799,3.83945231259331,8.40748099870938,8.85166342536678,4.07635029884982,4.07352384424089,-0.00669722839999998
4.08966697267099,6.38350663488401,7.66426216114484,4.56089431703798,7.09423484592476,0.686072211887982,3.84524197173779,3.83859172734226,8.41834917495977,8.85559214215973,4.10627313308737,4.09985658635137,0.00249155100000009
4.06096011820252,6.37331978957701,7.66202578051683,4.56926317644953,7.09348767889817,0.669110602731704,3.83923723570249,3.83341260484623,8.44625557299136,8.85818377633892,4.08966697267099,4.08368119939669,0.00559500229999998
4.05195884572566,6.36990098282823,7.65169062637419,4.58274051102191,7.07783554935374,0.641959143790512,3.83059600673242,3.81595253667741,8.49921250338029,8.84635304331433,4.06096011820252,4.0558334638502,0.000956233299999942
4.08832648989654,6.3818160174061,7.65425363503908,4.56698014151332,7.08405876345053,0.665519013442471,3.83794580203183,3.81176058348975,8.49913715793667,8.84336975184516,4.11512710140463,4.10769740506636,0.00473810380000006
4.06285389513073,6.41345895716736,7.64627249602252,4.57198561859705,7.06013295940302,0.625724504242511,3.82951058385368,3.7912103852114,8.52180255197314,8.82535413304934,4.07973840983274,4.07337235507004,0.00258893380000003
4.11789831517584,6.41673228251233,7.64019528547979,4.55967060191673,7.07106389659416,0.651230837458654,3.83880694309689,3.78396233536063,8.53964524705197,8.81786058842534,4.09667517756038,4.08944943207718,-0.00690859290000001
4.1018165770608,6.58617165485467,7.64990212557399,4.55250753340479,7.07157336421153,0.646998524533965,3.82515707240648,3.78781940196884,8.51075249458625,8.80696308285637,4.09301033920896,4.08327745378459,-0.00451973480000001
4.08782334523184,6.65027904858742,7.65975610233579,4.54977374836771,7.09161731529467,0.649822055821572,3.82581130860908,3.79413996477143,8.47331653616675,8.81104121525893,4.1018165770608,4.09010482912865,0.000558116999999969
4.08899695589551,6.65801104587075,7.65443848712239,4.55013305005818,7.09290616278625,0.624279301261145,3.82187945557518,3.76930670322655,8.40701218695996,8.81142874283786,4.08782334523184,4.07675789727707,-0.00299316890000001
4.08933202039856,6.7202201551353,7.65377001413154,4.56211653651059,7.06795903052247,0.629195154067428,3.82907608460722,3.77092016445015,8.45321984387131,8.83124451888809,4.09883446749495,4.09080219544886,0.000359514699999952
4.0854719837185,6.70073110954781,7.62931497397876,4.5571137525724,7.06987412845857,0.607916036197285,3.83945231259331,3.74028524217384,8.30722002852541,8.79792617477981,4.06611654076555,4.05957240933657,-0.00633943260000003
4.04182244296299,6.67708346124714,7.63888201816626,4.57325631274256,7.06304816338817,0.609385064454615,3.85333400907947,3.73265707645982,8.30738532328706,8.79612711011031,4.04234926710372,4.03648482818637,-0.00132059610000002
3.94449019556565,6.72142570079064,7.64076719603703,4.57924706663471,7.05293728882663,0.537253315601269,3.83124669540086,3.71088553437655,8.22339109643879,8.76907190490274,3.95756982038412,3.95150883505667,0.00177935280000008
3.92966644060074,6.91671502035361,7.66119290788172,4.58643578793184,7.04263576117595,0.510545584558672,3.83859172734226,3.71479083589844,8.24883781603035,8.8241630527753,3.93005936791424,3.92850229467618,-0.000296245499999959
3.91501851440794,6.95463886488099,7.66229854840716,4.58831899890409,7.03244772293946,0.509284436747161,3.83406146395843,3.70770120835452,8.28332988832048,8.82100940578657,3.92966644060074,3.92779990540971,0.00326470770000009
3.91919720917615,6.97260625130175,7.66306942075315,4.58981286366705,7.00723855746709,0.505853282139433,3.82187945557518,3.69436438434451,8.29207519216194,8.8230147441958,3.91501851440794,3.91439881670839,-0.00122433040000003
3.8584112359795,6.99025650049388,7.63995488930574,4.58153301622194,6.98545678664599,0.48870270667822,3.79188720418817,3.65065824129374,8.31162184066833,8.79175962872064,3.87411343235493,3.87350516960393,0.00391195560000002
3.87078425741155,6.99393297522319,7.63416313923651,4.57407159888606,7.00306545878646,0.467249841049114,3.7748277662503,3.63837532194017,8.22297245508487,8.78034176361861,3.8584112359795,3.8561008348544,-0.00379339729999995
3.88197608407585,7.00669522683704,7.65376527159215,4.57884674431858,6.99416230672288,0.468940564392471,3.78623299936985,3.66867674679642,8.23990227673157,8.79951090136887,3.88752537382775,3.88547764702541,0.000902005299999953
3.79907824641201,7.10824413973154,7.64961643033268,4.58861388367237,6.98942742762616,0.430807915779959,3.77734810210154,3.65893557774086,8.21461945313271,8.81765327622723,3.80999027986299,3.81223372422827,0.00346280780000008
3.78123071517812,7.09090982207998,7.64183324814405,4.58730148744561,6.9937035911185,0.438190412720868,3.76999850539873,3.65867794538081,8.20563910292595,8.81686806191969,3.79907824641201,3.80176889060643,0.00543161129999992
3.73456958003105,6.96129604591017,7.64565591572925,4.57319436510894,7.01952024231296,0.443338760536246,3.76699723337789,3.64831784235781,8.28534435885283,8.78732719314809,3.74950407593037,3.74896050611641,0.00385343630000001
3.71698088422481,6.93828448401696,7.63993565511504,4.57147895702062,7.02656001474739,0.417393678973438,3.75770564504379,3.62273965160939,8.24120514322174,8.76459999486613,3.70868208141012,3.70703679998085,-0.00267531219999995
3.6438820881832,6.90173720665657,7.58624049636144,4.55734455650549,7.05315348167149,0.380078921717748,3.74644056463847,3.57990129154419,8.16272723443974,8.73031872958688,3.7000666435045,3.6986412010837,0.0150276852
3.67147893943377,6.87523208727658,7.54602908008026,4.5398420198296,7.06176309146148,0.331387904711849,3.73433071701785,3.52577211624379,8.07399817834783,8.68252117183362,3.6438820881832,3.64289507145127,-0.00778538250000005
3.65325227647079,6.84800527457636,7.53241481754807,4.55249699260927,7.03658815082511,0.333037774172578,3.73528582692809,3.52282486978385,7.99462219333679,8.71297376789435,3.67147893943377,3.67536001183956,0.0060515216999999
3.75091484503339,6.82219739062049,7.57070610410669,4.55856064253618,7.02175338303555,0.322735460509168,3.72400525608931,3.54095932403731,7.98183235933784,8.69604205873122,3.65325227647079,3.65308904153911,-0.0260805184
3.81573234510986,6.80572255341699,7.58689480888747,4.5657534536243,7.0343879299155,0.531333884397341,3.74926875412672,3.58988750490699,8.07277621401304,8.7400006862698,3.89589362349826,3.89001194697219,0.0194666698999999
3.78418963391826,6.70686233660275,7.58123532306661,4.55785842843684,7.0032927056912,0.438254930931155,3.74313086894585,3.56359963768718,8.07097796120493,8.7189578337548,3.79840627864118,3.79631133910344,0.00320324990000009
3.85333400907947,6.68710860786651,7.5898870116531,4.56440027344488,7.00845997310377,0.405465108108164,3.74170906775847,3.56076195133349,8.00808941774852,8.72218906524907,3.79750961863939,3.79463130026935,-0.0152342643
3.84801767545223,6.70196036600254,7.5985547057236,4.56185550396879,7.01893880794275,0.432691094361756,3.74384101218791,3.58073729549423,8.05587493488552,8.73700319262118,3.85333400907947,3.84842328386403,0.000105407099999955
3.799525974201,6.78332520060396,7.59599041518106,4.55242320392948,7.01884932648772,0.425071637747083,3.74384101218791,3.57822718401034,8.0346504753783,8.73020559553099,3.84801767545223,3.84308448970481,0.0114641973
3.84331580741836,6.86693328446188,7.57969414472997,4.5557067952525,7.04009846596985,0.399245808294247,3.7369550773455,3.54961738678043,8.03848619753171,8.71671595552997,3.799525974201,3.79439442205969,-0.0127289528
3.82493889852103,6.88550967003482,7.58424956662049,4.56647093684882,7.03284488982096,0.414755155015257,3.74478708605223,3.54385368206368,8.05723176999097,8.71746926357031,3.84331580741836,3.83680010536935,0.00310101860000001
3.80866049243299,6.83087423464618,7.54120022469596,4.56628381693559,7.03182959408406,0.403863826741191,3.73552446193698,3.46604835398177,8.01900076504324,8.68426573744745,3.81176058348975,3.80627459171737,-0.000626440899999969
3.90055752731887,6.73459165997295,7.59881528290353,4.5621582953948,7.042810509975,0.457171650430357,3.75490124965593,3.59154222122498,8.02380792986982,8.7540660628147,3.86723482263801,3.86263656108499,-0.00972193489999995
3.90459548959935,6.70563909486,7.60759501435319,4.56032971151494,7.03878354138854,0.471127996907445,3.74950407593037,3.60549784517489,8.02380792986982,8.76010799698548,3.90055752731887,3.89462261108422,-0.00255413869999999
3.84288726659328,6.69579891705849,7.60959457342959,4.55356105225486,7.06039052540573,0.407063829471861,3.75279277985759,3.60332156575229,8.09793134450323,8.75954311386988,3.85227300102237,3.84640695865418,0.000915897799999899
3.78373498512661,6.65157187358973,7.63778871920869,4.57931890239766,7.05725229012805,0.374593444441077,3.73981018278248,3.60712695224168,8.13517992646231,8.77092026248807,3.79773385902602,3.79101958916686,0.00192524159999996
3.86911550441687,6.55961523749324,7.65161933783379,4.57690444737931,7.0335064842877,0.410054560441972,3.73624002547377,3.58961145245527,8.10924901295089,8.75806663515981,3.83168025274561,3.82250995813847,-0.0120455298
3.83557383326474,6.52209279817015,7.65434369545071,4.57942151596531,7.02384799796899,0.448524597568611,3.73790768518129,3.60576954739093,8.10672559168528,8.76148748052503,3.86911550441687,3.85960071805128,0.00626422169999996
3.81109708683819,6.48768401848461,7.65079201915482,4.58738292647327,7.01634058939558,0.407795723446447,3.72834052299485,3.59868118619579,8.14891981639581,8.76606686570123,3.83557383326474,3.82758930308749,0.00432741960000005
3.78123071517812,6.44730586254121,7.64931159874977,4.59972538995213,6.99292329135202,0.398507627540666,3.71454720086251,3.57094015624925,8.18591583799337,8.75680833809863,3.79075891793511,3.7836835862134,0.000648696500000101
3.70721041079866,6.361302477573,7.62362728364747,4.59415979346804,6.99154480471182,0.341175444891781,3.69659957712907,3.51898041731854,8.19778650638132,8.72886317233676,3.73169945129686,3.72522064554364,0.00485816360000002
3.73145990164905,6.32793678372919,7.6123566095872,4.5980448610455,6.98610424539311,0.323025084723777,3.69162567978196,3.51838764907356,8.18335268874333,8.7190395591412,3.70721041079866,3.70199650117682,-0.00789594449999997
3.69858222957532,6.22257626807137,7.64071914891241,4.59735976389611,6.98712083436288,0.316123746083084,3.69386699562498,3.55047908437791,8.19341682014739,8.75303971722513,3.70228914102385,3.69803469705178,-0.000148038500000003
3.68737832798767,6.39359075395063,7.65094422108903,4.60472008470771,6.9711055944829,0.314080546306312,3.71235181029908,3.54875494601977,8.1479568249753,8.76338116853861,3.73409179693548,3.7306217831667,0.0117274256
3.6246075640938,6.31173480915291,7.63871352576366,4.59293564831975,6.98081984983914,0.246547529093226,3.70302887721836,3.50104271663187,8.17101439822649,8.73608772844103,3.6283329542459,3.62574743171146,0.00031448029999992
3.61523291394564,6.31173480915291,7.63220246345838,4.59089883295052,6.97737462086219,0.230476598681002,3.69486152579148,3.47815842279828,8.1519300456481,8.72179795645065,3.6246075640938,3.6210587419882,0.00161146690000002
3.57009591812397,6.18208490671663,7.62237525994979,4.58889851751319,6.96743828114331,0.136888252062122,3.68862942285873,3.47010136030937,8.16347102658841,8.7024770230053,3.62033291157883,3.61659672233244,0.0130250854
3.60441029748749,6.16961073249146,7.62263459668532,4.59350238112041,6.96602418710611,0.116804779542084,3.70056095888777,3.46885603013597,8.17165034087742,8.73910398319455,3.61199840977798,3.61242456720626,0.00222346209999991
3.58268525770753,6.15909538849193,7.6072125092381,4.59578629467775,6.98679748632209,0.119026706421641,3.69112692665442,3.45694739676665,8.10054377141337,8.71496149719922,3.60441029748749,3.60273302617167,0.00559573810000003
3.52547778217249,6.14846829591765,7.60922274972923,4.60115212437951,6.98193467715639,0.118049666773814,3.6848714327164,3.45568556694622,8.09794655277288,8.72212389107105,3.58268525770753,3.5820753130817,0.0160538612000001
3.41575753299349,6.0282785202307,7.5619900988433,4.59392722004204,7.00374704463586,0.0147900854726353,3.65583960003574,3.37108175775753,8.01191879768857,8.67791650976879,3.44712631355056,3.44842397470502,0.00956345450000007
3.38167471517329,5.94803498918065,7.56103833944694,4.59762176823076,6.99246400690909,-0.0193867138001901,3.65713075579936,3.37587957367787,8.00891432191682,8.68578762759019,3.44041809481544,3.44370563403734,0.0183432541999999
3.47165584531072,5.87211778947542,7.53315345698646,4.59736984225536,6.99987856785794,-0.108142158619703,3.65893557774086,3.33932197794407,7.96571222590931,8.66108572159041,3.38540669575583,3.39069988060645,-0.0233191216
3.44839898314645,5.86929691313377,7.5374726568823,4.60021794385402,7.00904753046401,-0.0668879455416317,3.66047997959224,3.3357695763397,7.98565792914373,8.67880170661265,3.41246697392039,3.41715713337826,-0.00905981300000003
3.39081028877567,5.6937321388027,7.53905365121502,4.57624588240969,7.04782152287898,0.0573250666192694,3.67452694788954,3.42361097649906,7.92424965266717,8.67387210114661,3.43043250693049,3.4343169109241,0.012830745
3.31236616795554,5.67332326717149,7.52413479970658,4.56631500601941,7.0825485693553,-0.0254203773469112,3.67325807321098,3.39450839351136,7.92424965266717,8.636255408571,3.33005935382882,3.33319217384874,0.00628735010000003
3.3686741899566,5.67332326717149,7.53089836265331,4.56525403107123,7.12266502536924,0.0670042287804738,3.67857656111804,3.41114771251532,7.92424965266717,8.64955389905642,3.38235429386068,3.38197621266305,0.00394874120000011
3.50825645395556,5.75257263882563,7.55892354604908,4.57186156194435,7.1157039709138,0.0251802985302983,3.67325807321098,3.44712631355056,7.95958688312354,8.69118011142013,3.38912480042789,3.38974701095256,-0.0337801539
3.47041245068363,5.76205138278018,7.56074170468802,4.58092872161506,7.10771208332101,0.0218593343528935,3.67478052973443,3.45347352622753,7.98179478121377,8.69321159165708,3.46166512842925,3.46016656106914,-0.00295235500000002
3.53805656437935,5.79605775076537,7.56643005530591,4.58836984730975,7.11874527412378,0.089566443359043,3.67781850675451,3.46636070756857,7.89654526113917,8.71556852728225,3.51898041731854,3.51663851376266,-0.0060536202
3.63495111208838,5.85507192220243,7.60089745952958,4.57921627829938,7.15266032207786,0.149540067269575,3.69932471197547,3.54298625393353,7.96351225734382,8.73220779215671,3.581294243434,3.57475487878549,-0.0165603969
3.6451887654892,5.90263333340137,7.59047831645763,4.57744949338749,7.14440718032114,0.182321556793955,3.69734353252607,3.52488885400471,7.97294521148688,8.72019933940302,3.59731226058845,3.59022539238566,-0.0150783338
3.59291906296803,5.97380961186926,7.61067455669079,4.57187190058658,7.12508194497478,0.179400628366291,3.71503441159079,3.55047908437791,7.95840206335537,8.7281993820701,3.6157709822933,3.60951581921069,0.00461929589999999
3.64597195310266,6.0137151560428,7.62803599309854,4.5561479949025,7.11151211649616,0.144533150732298,3.70843695332947,3.5530597309714,7.97928067438944,8.71701079582694,3.64492756658475,3.63558361942776,-0.00284926320000001
