;correto;calculado_Gradient Boost;calculado_XGBoost
0;39.9;58.74;55.18
1;63.9;74.16;71.06
2;52.4;90.39;89.27
3;39.9;58.74;55.18
4;116.9;131.56;128.42
5;43.6;74.16;71.06
6;152.0;93.16;91.13
7;58.0;93.16;89.01
8;113.6;74.16;71.06
9;100.0;86.34;80.89
10;60.3;79.95;61.97
11;91.2;77.81;74.62
12;76.0;61.63;58.73
13;118.5;103.35;101.65
14;43.6;77.81;74.62
15;357.4;301.2;606.23
16;80.3;69.58;64.84
17;99.1;69.58;64.84
18;109.0;77.81;74.62
19;189.3;93.16;91.13
20;40.0;58.74;55.18
21;117.5;103.35;101.65
22;50.0;77.81;74.62
23;217.9;83.72;80.54
24;114.3;102.69;118.85
25;120.9;131.08;128.07
26;40.0;69.58;64.84
27;147.3;49.33;44.82
28;43.6;93.16;91.13
29;72.3;99.08;93.48
30;80.0;81.43;78.91
31;109.0;171.05;169.0
32;39.9;58.74;55.18
33;456.7;131.08;128.07
34;52.0;73.76;58.23
35;77.2;77.81;72.32
36;33.0;61.63;58.73
37;90.0;107.15;105.15
38;39.9;49.63;45.87
39;125.5;99.04;122.09
40;118.2;101.89;97.5
41;107.7;358.97;369.91
42;99.4;148.89;144.99
43;65.5;86.34;80.89
44;52.0;81.43;78.91
45;118.7;74.16;71.06
46;59.0;58.74;55.18
47;128.2;83.72;80.54
48;58.8;58.74;55.18
49;201.6;150.88;154.31
50;40.0;58.74;55.18
51;74.3;83.72;80.54
52;62.0;58.74;55.18
53;39.9;69.58;64.84
54;44.0;77.81;74.62
55;65.7;93.16;91.13
56;94.0;99.08;93.48
57;39.9;58.74;55.18
58;40.0;49.63;45.87
59;232.6;139.36;222.18
60;81.7;93.16;91.13
61;55.9;81.43;78.91
62;61.2;58.74;55.18
63;39.9;93.16;89.01
64;448.9;131.08;128.07
65;41.1;58.74;55.18
66;391.5;124.17;122.25
67;88.9;81.43;78.91
68;140.0;162.3;188.98
69;47.1;110.89;106.95
70;71.0;108.35;106.9
71;55.0;72.9;68.12
72;39.9;69.58;64.84
73;61.2;99.08;93.48
74;217.1;107.15;105.15
75;133.0;160.85;119.95
76;153.0;110.89;106.95
77;43.6;74.16;71.06
78;74.4;77.81;74.62
79;645.0;256.91;524.2
80;134.0;58.74;55.18
81;188.0;74.16;71.06
82;43.6;74.16;71.06
83;126.0;131.08;128.07
84;87.1;115.31;121.15
85;110.6;133.91;126.02
86;101.5;74.16;71.06
87;166.4;110.89;106.95
88;172.3;72.9;68.12
89;230.8;150.88;154.31
90;40.4;58.74;55.18
91;39.9;86.34;80.89
92;112.9;131.08;128.07
93;159.7;110.89;106.95
94;133.0;190.58;186.49
95;40.0;49.33;43.86
96;58.2;77.81;74.62
97;212.9;166.01;168.98
98;49.5;90.39;89.27
99;50.0;90.39;89.27
100;64.0;72.9;68.12
101;43.6;77.81;74.62
102;247.1;211.65;250.76
103;58.0;90.21;81.67
104;94.0;81.83;106.92
105;44.0;74.16;60.64
106;310.2;160.85;156.22
107;90.6;107.15;105.15
108;663.2;302.08;458.16
109;162.6;166.01;157.8
110;110.5;150.88;150.72
111;65.9;160.85;156.22
112;275.3;200.53;287.47
113;55.0;107.15;105.15
114;53.7;93.16;89.01
115;72.0;74.16;71.06
116;83.0;77.81;74.62
117;45.0;93.16;91.13
118;101.1;93.16;97.32
119;845.0;208.88;217.76
120;43.6;60.28;57.58
121;98.8;177.26;177.54
122;100.6;77.81;74.62
123;242.8;93.16;89.01
124;48.0;81.43;78.91
125;137.0;171.05;169.0
126;221.7;74.16;71.06
127;48.0;58.74;55.18
128;242.8;173.24;199.89
129;142.6;208.88;217.76
130;47.4;81.43;78.91
131;271.7;103.21;105.15
132;247.1;199.24;199.76
133;39.9;58.74;55.18
134;553.9;326.2;347.74
135;57.0;74.16;71.06
136;447.0;143.87;214.31
137;61.0;69.58;64.84
138;88.4;81.43;78.91
139;57.0;110.89;106.95
140;147.0;99.08;93.48
141;142.0;171.06;183.68
142;84.3;74.16;71.06
143;189.8;74.16;71.06
144;39.9;61.63;58.73
145;47.0;93.16;91.13
146;39.9;49.63;46.86
147;74.0;61.63;58.73
148;71.0;131.56;128.42
149;172.0;115.31;142.42
150;104.7;162.3;192.78
151;516.4;391.71;359.29
152;74.4;58.74;55.18
153;542.0;328.51;538.72
154;102.1;150.88;154.31
155;115.0;190.58;186.49
156;60.0;105.27;98.82
157;570.0;247.57;313.08
158;416.8;217.68;251.97
159;43.6;77.81;74.62
160;92.0;137.4;119.38
161;39.9;58.74;55.18
162;70.0;69.58;64.84
163;43.6;74.16;71.06
164;265.0;163.58;257.9
165;103.2;86.34;80.89
166;40.0;49.33;43.86
167;80.0;93.16;91.13
168;350.2;73.97;109.8
169;47.4;81.43;78.91
170;62.4;74.16;71.06
171;40.0;49.33;43.86
172;43.6;63.24;61.41
173;71.65;74.16;71.06
174;84.0;110.89;106.95
175;202.9;93.16;91.13
176;52.6;93.16;89.01
177;183.4;81.43;78.91
178;43.6;74.16;71.06
179;104.9;109.08;123.66
180;39.9;58.74;55.18
181;44.9;93.16;89.01
182;508.1;215.02;227.34
183;101.0;81.43;78.91
184;107.0;93.16;113.63
185;506.1;193.68;281.44
186;44.0;93.16;91.13
187;186.9;90.39;89.27
188;350.0;211.35;255.57
189;46.0;77.81;74.62
190;40.0;58.74;55.18
191;106.6;74.16;71.06
192;303.5;162.3;167.1
193;47.4;74.16;71.06
194;60.1;93.16;89.01
195;64.8;77.81;74.62
196;101.0;74.16;71.06
197;72.1;77.81;74.62
198;56.0;81.43;78.91
199;75.2;77.81;74.62
200;84.1;77.81;74.62
201;102.0;131.08;128.07
202;243.0;208.88;249.33
203;62.0;81.43;78.91
204;101.6;77.81;74.62
205;54.4;93.16;91.13
206;47.4;83.72;80.54
207;139.4;77.81;74.62
208;39.9;69.58;64.84
209;93.3;110.27;108.51
210;73.4;60.28;56.94
211;113.0;77.81;74.62
212;39.9;52.54;49.5
213;93.1;90.39;89.27
214;135.0;58.74;55.18
215;42.0;81.43;77.08
216;39.9;58.74;55.18
217;78.0;58.74;55.18
218;155.9;61.63;58.73
219;43.6;74.16;71.06
220;137.4;110.89;106.95
221;145.8;123.39;134.41
222;47.4;83.72;80.54
223;39.9;61.63;58.73
224;40.0;49.63;45.87
225;47.4;74.16;71.06
226;113.4;86.34;80.89
227;50.0;90.39;89.27
228;212.0;160.85;156.22
229;88.0;110.89;87.12
230;107.0;93.16;91.13
231;43.6;77.81;74.62
232;49.67;90.39;89.27
233;130.2;81.43;78.91
234;115.6;110.89;106.95
235;74.0;77.81;74.62
236;115.0;77.81;74.62
237;78.6;77.81;74.62
238;98.5;100.67;92.66
239;43.6;60.28;57.58
240;47.4;81.43;78.91
241;150.0;107.15;105.15
242;173.1;77.81;74.62
243;276.3;74.16;71.06
244;43.6;74.16;71.06
245;44.0;74.16;71.06
246;131.0;81.43;78.91
247;56.5;60.28;57.58
248;63.6;69.58;64.84
249;43.6;60.28;57.58
250;48.6;69.51;61.66
251;80.4;124.17;122.25
252;266.3;109.08;127.15
253;39.9;48.7;42.7
254;47.4;74.16;71.06
255;146.6;77.81;74.62
256;40.0;49.33;43.86
257;40.0;58.74;55.18
258;39.9;58.74;55.18
259;104.0;110.56;137.66
260;237.2;216.24;276.16
261;66.0;74.16;71.06
262;43.6;77.81;74.62
263;74.6;72.9;68.12
264;124.8;83.72;80.54
265;67.1;90.39;89.27
266;113.6;93.16;86.21
267;39.9;49.33;44.82
268;39.9;49.33;43.86
269;45.0;74.16;71.06
270;554.6;326.2;347.74
271;75.4;131.56;128.42
272;94.0;81.43;78.91
273;262.5;99.08;93.48
274;344.0;81.43;78.91
275;262.1;191.98;222.29
276;39.9;58.74;55.18
277;149.4;148.89;144.99
278;296.5;141.69;219.96
279;47.1;93.16;91.13
280;43.6;77.81;74.62
281;43.6;74.16;71.06
282;176.7;171.05;169.0
283;66.5;162.3;176.6
284;78.0;124.17;122.25
285;50.2;83.72;80.54
286;408.3;208.88;217.76
287;53.0;86.34;80.89
288;177.0;110.89;106.95
289;218.5;103.35;101.65
290;316.4;143.06;193.48
291;298.0;208.88;217.76
292;139.5;131.51;136.67
293;140.2;206.79;255.86
294;75.3;58.74;55.18
295;291.0;301.2;354.51
296;169.3;109.08;118.97
297;43.6;60.28;57.58
298;337.9;109.08;118.97
299;53.0;86.34;80.89
300;682.3;151.56;413.58
301;50.0;103.35;101.65
302;61.4;93.16;89.01
303;480.5;110.89;103.79
304;39.9;58.74;55.18
305;174.0;160.85;175.68
306;828.0;266.79;559.19
307;211.1;58.74;55.18
308;54.5;74.16;71.06
309;115.0;124.17;122.25
310;39.9;58.74;55.18
311;47.4;81.43;78.91
312;280.0;160.85;156.22
313;43.6;77.81;74.62
314;78.0;110.89;106.95
315;214.5;144.82;170.67
316;138.0;166.29;163.42
317;132.2;81.43;77.08
318;59.5;81.43;78.91
319;291.0;131.56;128.42
320;40.0;61.63;58.73
321;213.8;173.19;226.5
322;50.3;58.74;55.18
323;140.9;58.74;55.18
324;922.2;217.68;251.97
325;230.7;143.87;214.31
326;40.0;49.63;44.92
327;75.6;110.27;108.51
328;270.0;204.3;212.95
329;90.0;93.16;89.01
330;43.6;74.16;71.06
331;129.0;93.16;91.13
332;98.0;69.58;64.84
333;420.1;199.24;199.76
334;205.1;77.81;74.62
335;60.3;74.16;71.06
336;439.5;160.85;156.22
337;57.8;81.43;78.91
338;84.4;104.48;93.49
339;44.0;74.16;71.06
340;899.2;166.01;312.54
341;40.0;58.74;55.18
342;80.5;108.73;94.28
343;378.6;131.08;128.07
344;151.5;77.81;74.62
345;40.0;49.33;43.86
346;135.0;61.63;58.73
347;145.0;124.17;122.25
348;44.9;93.16;91.13
349;143.8;58.74;55.18
350;134.7;107.15;105.15
351;39.9;58.74;55.18
352;63.7;74.16;71.06
353;648.0;90.39;89.27
354;222.9;160.85;156.22
355;95.4;77.81;74.62
356;48.0;83.72;80.54
357;579.5;81.43;78.91
358;343.8;132.01;267.86
359;107.8;101.89;124.47
360;135.3;166.29;163.42
361;114.3;131.51;226.64
362;195.5;103.35;101.65
363;147.0;81.43;78.91
364;44.5;60.28;57.58
365;180.6;74.16;71.06
366;46.3;58.74;55.18
367;93.0;164.01;111.56
368;40.0;60.35;51.62
369;173.5;81.43;78.91
370;120.0;83.72;80.54
371;80.1;81.43;78.91
372;74.8;93.16;91.13
373;45.7;69.58;64.84
374;130.3;103.85;88.75
375;102.0;131.51;136.67
376;44.0;77.81;74.62
377;562.2;203.57;250.36
378;66.45;93.16;91.13
379;120.0;58.74;55.18
380;80.3;81.43;78.91
381;43.6;74.16;71.06
382;175.7;156.37;147.18
383;10356.0;58.74;55.18
384;316.0;90.39;89.27
385;278.0;207.06;253.37
386;564.6;150.88;250.96
387;417.6;217.68;251.97
388;142.3;58.74;55.18
389;456.1;287.09;544.74
390;160.0;148.17;147.62
391;182.8;142.27;157.79
392;47.0;77.81;74.62
393;51.6;74.16;71.06
394;61.0;74.16;71.06
395;123.0;150.88;154.31
396;53.4;107.15;105.15
397;65.7;74.16;71.06
398;62.9;58.74;55.18
399;69.8;81.43;78.91
400;50.0;69.58;64.84
401;50.0;93.16;91.13
402;59.4;86.34;80.89
403;79.0;101.89;97.5
404;65.3;81.43;78.91
405;45.0;86.34;80.89
406;70.3;208.88;217.76
407;39.9;61.63;58.73
408;97.3;77.81;74.62
409;48.0;83.72;80.54
410;43.6;93.16;91.13
411;42.8;48.7;42.7
412;43.6;74.16;71.06
413;47.0;93.16;91.13
414;44.0;74.16;71.06
415;134.3;111.48;209.73
416;47.0;93.16;68.56
417;257.3;124.17;122.25
418;49.6;74.16;71.06
419;69.0;77.81;74.62
420;254.0;103.35;118.64
421;117.0;83.72;80.54
422;44.0;110.89;106.95
423;42.9;58.74;55.18
424;103.5;124.17;122.25
425;295.9;301.2;345.95
426;44.0;72.9;68.12
427;49.5;107.15;105.15
428;208.9;171.05;169.0
429;52.0;69.58;64.84
430;45.2;93.16;89.01
431;502.9;217.68;251.97
432;105.9;93.16;91.13
433;51.1;103.21;105.15
434;50.0;90.39;89.27
435;43.6;74.16;71.06
436;50.0;103.21;105.15
437;223.6;77.81;74.62
438;40.0;58.74;59.91
439;48.8;83.72;80.54
440;57.65;90.49;70.27
441;47.4;81.43;78.91
442;58.9;81.43;78.91
443;98.0;74.16;71.06
444;65.0;93.16;98.55
445;94.1;83.72;80.54
446;98.0;93.16;89.01
447;43.6;74.16;71.06
448;42.0;61.63;58.73
449;93.0;93.16;89.01
450;126.0;243.59;280.26
451;39.9;58.74;55.18
452;50.0;69.58;64.84
453;47.4;150.88;154.31
454;44.0;77.81;74.62
455;63.6;79.95;61.97
456;254.4;208.88;217.76
457;156.4;124.17;122.25
458;205.5;90.39;89.27
459;249.0;90.39;89.27
460;56.0;63.24;61.41
461;272.0;110.89;106.95
462;49.5;81.43;77.08
463;113.2;90.39;89.27
464;49.5;103.35;101.65
465;48.0;81.43;78.91
466;40.0;61.63;58.73
467;203.6;171.05;209.61
468;44.4;69.58;64.84
469;39.9;62.64;59.79
470;74.0;208.88;217.76
471;89.0;107.15;105.15
472;84.0;86.34;80.89
473;93.0;90.39;89.27
474;506.8;326.2;323.66
475;2013.0;321.35;315.16
476;44.0;60.28;49.81
477;55.8;74.16;71.06
478;255.8;77.81;74.62
479;76.1;131.56;128.42
480;216.0;110.89;106.95
481;270.2;173.19;253.3
482;103.5;90.39;89.27
483;126.0;97.65;148.21
484;168.8;58.74;55.18
485;50.8;61.63;58.73
486;51.1;58.74;57.58
487;359.4;90.39;89.27
488;250.0;204.3;207.81
489;46.4;49.33;43.86
490;57.7;58.74;55.18
491;39.9;58.74;55.18
492;55.9;81.43;78.91
493;93.5;102.18;117.06
494;118.1;74.16;71.06
495;148.0;159.38;157.23
496;75.9;69.58;64.84
497;75.8;107.15;105.15
498;39.9;58.74;55.18
499;52.0;74.16;71.06
500;85.3;114.22;142.89
501;159.7;110.89;106.95
502;44.0;77.81;74.62
503;50.8;99.08;93.48
504;50.9;99.08;93.48
505;55.3;107.15;105.15
506;198.5;103.35;101.65
507;62.0;99.08;93.48
508;47.4;81.43;78.91
509;93.8;148.89;144.99
510;62.0;99.08;93.48
511;53.7;69.58;64.84
512;147.0;149.3;135.58
513;64.0;115.31;121.15
514;46.8;77.81;74.62
515;278.0;271.15;321.22
516;39.9;58.74;55.18
517;71.6;86.34;80.89
518;39.9;61.63;58.73
519;314.7;226.58;271.94
520;62.0;93.16;91.13
521;86.0;81.43;78.91
522;259.3;131.51;141.57
523;316.3;266.95;337.31
524;91.5;74.16;71.06
525;163.7;243.59;280.26
526;60.2;93.16;91.13
527;137.0;131.41;121.22
528;107.5;122.22;114.48
529;47.4;81.43;78.91
530;47.4;61.63;58.73
531;282.0;150.88;154.31
532;65.0;69.58;64.84
533;310.0;90.39;89.27
534;145.0;109.08;127.15
535;162.7;58.74;55.18
536;63.5;61.63;58.73
537;578.0;90.39;89.27
538;60.6;74.16;71.06
539;304.5;201.55;246.62
540;163.7;110.89;106.95
541;68.3;90.39;89.27
542;43.6;77.81;74.62
543;63.5;74.16;71.06
544;97.0;81.43;78.91
545;250.9;296.93;414.81
546;88.0;74.16;71.06
547;302.0;74.16;71.06
548;247.0;61.63;58.73
549;276.0;93.16;91.13
550;56.6;84.46;71.39
551;126.3;107.15;105.15
552;43.6;58.74;55.18
553;107.6;74.16;71.06
554;214.5;58.74;55.18
555;103.7;124.17;122.25
556;429.0;199.63;270.83
557;236.5;162.3;192.78
558;44.4;74.16;71.06
559;156.7;110.89;106.95
560;459.8;90.39;89.27
561;39.9;58.74;55.18
562;88.0;58.74;55.18
563;107.0;110.89;106.95
564;104.3;74.16;71.06
565;40.0;61.63;58.73
566;45.4;49.63;44.92
567;221.1;103.35;101.65
568;172.6;227.96;518.49
569;61.3;99.08;93.48
570;529.4;109.08;115.27
571;81.3;108.58;94.12
572;145.4;148.51;146.78
573;283.9;58.74;55.18
574;90.0;69.58;64.84
575;70.0;49.33;43.86
576;660.6;109.08;118.97
577;217.8;93.16;91.13
578;146.5;107.15;105.15
579;49.5;103.35;101.65
580;80.0;171.05;169.0
581;54.0;69.58;64.84
582;39.9;69.58;64.84
583;178.3;83.72;80.54
584;70.5;60.28;57.58
585;43.6;74.16;71.06
586;45.9;69.58;64.84
587;44.0;74.16;71.06
588;39.9;48.7;42.7
589;39.9;58.74;55.18
590;371.0;145.98;176.34
591;54.7;124.17;93.87
592;251.9;90.39;89.27
593;129.3;74.16;71.06
594;54.0;90.39;89.27
595;48.0;81.43;78.91
596;64.9;90.39;89.27
597;112.5;217.68;251.97
598;77.8;124.17;122.25
599;49.5;90.39;89.27
600;45.0;77.81;74.62
601;39.9;61.63;58.73
602;39.9;49.33;43.86
603;49.5;103.35;101.65
604;86.3;105.27;98.82
605;48.0;81.43;78.91
606;59.2;69.58;64.84
607;147.1;131.08;128.07
608;174.7;162.3;176.6
609;177.7;103.35;101.65
610;56.0;69.58;64.84
611;235.5;163.58;254.17
612;78.5;124.17;122.25
613;44.0;72.9;68.12
614;76.7;86.34;80.89
615;50.5;99.08;93.48
616;41.1;69.58;64.84
617;219.3;160.85;156.22
618;275.0;321.35;315.16
619;68.3;110.89;106.95
620;79.95;115.31;121.15
621;65.9;81.43;78.91
622;39.9;58.74;55.18
623;211.6;103.35;101.65
624;221.7;211.35;257.21
625;49.8;78.17;97.89
626;80.0;93.16;91.13
627;111.4;103.35;101.65
628;141.5;124.17;122.25
629;185.7;90.39;89.27
630;404.8;243.59;316.78
631;107.0;95.48;99.66
632;271.7;207.06;253.6
633;146.0;235.58;278.32
634;824.8;613.82;1260.76
635;192.1;100.01;96.8
636;49.45;90.39;89.27
637;40.0;49.33;44.82
638;73.3;74.16;71.06
639;173.5;171.05;169.0
640;39.9;69.58;64.84
641;39.9;61.63;58.73
642;201.6;93.16;91.13
643;44.0;59.02;50.61
644;62.0;93.16;91.13
645;51.2;86.34;80.89
646;42.8;93.16;85.43
647;47.4;81.43;78.91
648;94.0;127.42;129.53
649;55.0;77.81;74.62
650;288.0;193.68;281.44
651;50.0;90.39;89.27
652;148.0;93.16;91.13
653;119.2;152.41;152.65
654;39.9;69.58;64.84
655;89.2;58.74;55.18
656;67.0;93.16;91.13
657;43.6;63.24;61.41
658;202.0;74.16;71.06
659;224.1;109.08;151.86
660;500.0;178.5;181.04
661;150.0;74.16;71.06
662;127.0;58.74;55.18
663;46.0;74.16;71.06
664;123.0;74.16;71.06
665;39.9;48.7;42.55
666;71.1;58.74;55.18
667;189.4;90.39;89.27
668;65.5;101.89;97.5
669;160.0;77.81;74.62
670;180.1;252.1;235.27
671;43.0;69.58;64.84
672;39.9;49.63;46.86
673;59.1;58.74;55.18
674;43.6;74.16;71.06
675;110.7;74.16;71.06
676;97.3;83.72;80.54
677;46.3;74.16;71.06
678;54.0;61.63;58.73
679;69.1;74.16;71.06
680;39.9;49.33;43.86
681;122.0;131.51;136.19
682;61.9;74.16;71.06
683;49.0;81.43;78.91
684;99.4;101.09;125.27
685;66.4;107.15;105.15
686;102.0;90.39;89.27
687;257.0;74.16;71.06
688;104.8;114.22;142.89
689;49.5;103.35;101.65
690;39.9;58.74;55.18
691;96.2;81.43;77.08
692;224.1;123.98;128.84
693;291.6;208.88;217.76
694;44.2;74.16;71.06
695;74.7;61.63;67.42
696;220.0;81.43;78.91
697;47.4;83.72;80.54
698;187.6;171.05;175.56
699;62.9;58.74;55.18
700;48.0;81.43;78.91
701;40.0;93.16;89.01
702;60.8;90.02;69.71
703;177.0;86.34;80.89
704;67.8;93.16;91.13
705;97.0;203.96;212.35
706;64.3;86.34;72.94
707;78.0;123.98;128.84
708;50.0;77.81;74.62
709;110.5;90.21;81.67
710;209.9;74.16;71.06
711;71.0;74.16;71.06
712;67.0;74.16;71.06
713;61.0;101.89;97.5
714;71.1;81.43;77.08
715;47.5;99.08;93.48
716;59.0;124.17;122.25
717;71.4;107.15;105.15
718;39.9;69.58;64.84
719;49.0;74.16;71.06
720;45.0;49.63;45.87
721;101.0;74.16;71.06
722;240.0;109.08;115.27
723;71.7;60.28;57.58
724;72.0;164.01;111.56
725;341.3;162.3;176.6
726;50.4;93.16;89.01
727;195.0;109.08;123.66
728;48.0;93.16;91.13
729;49.5;103.21;105.15
730;189.1;196.22;208.6
731;44.0;77.81;74.62
732;215.6;245.7;281.37
733;418.5;171.05;169.0
734;60.0;103.21;72.43
735;221.5;190.58;186.49
736;40.0;58.74;55.18
737;73.0;81.43;77.08
738;140.0;124.17;122.25
739;181.8;356.81;542.0
740;44.0;74.16;71.06
741;477.3;177.26;177.54
742;1095.1;323.61;549.57
743;198.0;77.81;74.62
744;349.9;242.22;290.85
745;42.6;86.34;80.89
746;39.9;58.74;55.18
747;152.8;90.39;89.27
748;128.0;74.16;71.06
749;137.6;160.85;156.22
750;360.5;74.16;71.06
751;113.1;124.17;122.25
752;40.0;58.74;55.18
753;553.2;463.87;487.44
754;55.6;77.81;74.62
755;53.6;93.16;91.13
756;73.8;74.16;71.06
757;46.8;77.81;74.62
758;39.9;61.63;58.73
759;131.2;103.35;101.65
760;165.0;86.34;80.89
761;40.0;58.74;55.18
762;147.3;116.75;126.34
763;294.1;230.41;269.64
764;95.9;110.89;106.95
765;63.1;110.89;106.95
766;203.0;216.86;189.8
767;57.6;58.74;55.18
768;47.0;93.16;91.13
769;39.9;58.74;55.18
770;45.8;60.28;57.58
771;46.8;62.64;59.79
772;372.6;90.39;89.27
773;40.0;49.33;44.82
774;257.6;58.74;55.18
775;165.4;171.05;169.0
776;41.2;49.33;44.82
777;47.4;83.72;80.54
778;39.9;58.74;44.49
779;130.9;107.15;105.15
780;45.0;74.16;71.06
781;67.0;60.28;57.58
782;47.4;74.16;71.06
783;124.9;171.05;178.35
784;88.0;90.39;89.27
785;94.2;77.81;74.62
786;326.9;110.89;106.95
787;80.9;81.43;78.91
788;50.0;77.81;74.62
789;61.0;74.16;71.06
790;155.0;90.39;89.27
791;39.9;61.63;58.73
792;40.0;49.33;43.86
793;44.0;74.16;71.06
794;43.6;77.81;74.62
795;50.0;93.16;91.13
796;48.9;58.74;55.18
797;62.0;124.17;122.25
798;39.9;58.74;55.18
799;39.9;58.74;55.18
800;101.1;69.58;64.84
801;43.6;74.16;71.06
802;44.0;58.74;55.18
803;104.0;69.58;64.84
804;39.9;58.74;55.18
805;133.7;58.74;55.18
806;67.0;77.81;74.62
807;85.0;105.27;98.82
808;41.0;58.74;55.18
809;44.0;74.16;71.06
810;39.9;58.74;55.18
811;175.0;74.16;71.06
812;141.0;124.17;122.25
813;195.2;166.01;168.98
814;363.5;160.85;156.22
815;79.7;61.63;58.73
816;202.0;142.52;236.62
817;211.8;58.74;55.18
818;94.6;60.28;57.58
819;241.0;266.1;326.96
820;41.0;49.33;43.86
821;114.0;61.63;58.73
822;76.2;124.17;122.25
823;302.7;107.15;105.15
824;107.8;83.72;80.54
825;75.0;77.81;74.62
826;233.7;148.89;144.99
827;40.0;69.58;64.84
828;84.0;124.17;122.25
829;40.0;49.63;44.92
830;44.8;49.33;43.86
831;289.6;190.58;209.73
832;271.75;93.16;91.13
833;48.0;83.72;80.54
834;90.0;93.16;91.13
835;60.0;86.34;80.89
836;39.9;49.63;45.87
837;81.6;93.16;89.01
838;61.6;81.43;78.91
839;105.8;78.66;66.16
840;47.4;81.43;78.91
841;117.0;105.27;138.86
842;69.4;58.74;55.18
843;136.1;93.16;91.13
844;50.5;90.39;89.27
845;75.0;69.51;62.67
846;51.2;81.43;78.91
847;47.4;81.43;78.91
848;94.3;243.59;280.26
849;168.1;81.43;77.08
850;45.0;77.81;74.62
851;78.1;116.12;125.08
852;50.0;93.16;89.01
853;39.9;58.74;55.18
854;167.5;107.15;122.53
855;520.0;215.02;228.33
856;49.5;81.43;77.08
857;160.1;93.16;89.01
858;205.1;160.85;156.22
859;156.4;90.39;89.27
860;563.0;397.04;510.92
861;159.5;108.73;172.39
862;295.0;177.26;177.54
863;417.5;148.64;316.8
864;66.0;74.16;71.06
865;82.9;99.08;93.48
866;189.4;162.3;188.98
867;104.0;156.64;306.22
868;168.2;152.41;205.84
869;120.0;150.88;154.31
870;404.2;134.74;185.73
871;50.0;81.43;77.08
872;43.6;77.81;74.62
873;125.8;171.05;169.0
874;265.5;204.3;223.84
875;284.0;210.81;292.21
876;409.6;105.27;96.55
877;93.0;90.39;89.27
878;54.0;69.58;64.84
879;250.5;110.89;106.95
880;87.0;77.81;63.74
881;39.9;69.58;64.84
882;84.0;81.43;78.91
883;126.0;108.35;106.9
884;128.6;150.88;154.31
885;679.0;328.51;538.72
886;81.0;81.43;78.91
887;227.6;204.3;218.25
888;131.0;77.81;74.62
889;51.0;93.16;89.01
890;63.1;90.21;80.41
891;122.7;208.88;209.0
892;203.0;171.05;169.0
893;374.0;204.3;207.81
894;75.0;69.58;64.84
895;43.0;61.63;58.73
896;139.9;77.81;74.62
897;205.6;58.74;55.18
898;49.7;86.34;80.89
899;143.7;124.17;132.36
900;108.0;81.43;77.08
901;51.9;93.16;91.13
902;542.5;203.57;250.36
903;73.2;99.08;93.48
904;117.0;49.63;44.92
905;66.6;90.39;89.27
906;107.0;178.5;181.04
907;199.5;103.35;101.65
908;85.0;77.81;74.62
909;83.3;58.74;55.18
910;104.9;99.04;122.77
911;40.0;61.63;58.73
912;77.8;123.98;128.84
913;165.3;81.43;78.91
914;65.0;90.39;89.27
915;51.5;73.76;58.23
916;39.9;49.63;45.87
917;255.7;170.25;178.66
918;138.9;131.08;128.07
919;166.5;103.35;101.65
920;247.6;58.74;55.18
921;361.9;124.17;122.25
922;101.0;86.34;80.89
923;59.9;131.08;128.07
924;43.6;74.16;71.06
925;79.6;74.16;87.98
926;124.0;107.15;105.15
927;61.3;58.74;55.18
928;39.9;49.63;46.86
929;174.0;93.16;91.13
930;44.0;74.16;71.06
931;40.0;49.63;45.87
932;114.3;99.08;93.48
933;181.6;99.08;109.51
934;88.3;124.17;122.25
935;81.1;58.74;55.18
936;47.4;99.08;93.48
937;48.3;93.16;91.13
938;164.4;129.22;171.32
939;402.8;178.5;187.32
940;43.6;74.16;71.06
941;157.1;58.74;140.28
942;40.0;69.58;64.84
943;64.9;93.16;91.13
944;143.9;110.89;106.95
945;214.6;134.48;243.01
946;169.5;93.16;91.13
947;55.0;83.72;80.54
948;65.5;93.16;92.61
949;113.3;105.27;101.32
950;69.4;124.17;122.25
951;129.4;178.5;181.04
952;111.2;81.43;78.91
953;178.0;148.89;144.99
954;81.6;49.33;44.82
955;190.1;150.19;224.8
956;57.0;84.46;71.39
957;182.0;85.85;118.08
958;45.0;74.16;71.06
959;47.5;69.58;64.84
960;432.0;495.89;1016.21
961;44.0;93.16;91.13
962;307.2;321.35;315.16
963;279.0;58.74;55.18
964;47.9;61.63;58.73
965;60.0;90.49;70.27
966;91.5;58.74;55.18
967;88.4;74.16;71.06
968;43.6;74.16;71.06
969;67.0;90.21;81.67
970;63.6;58.74;55.18
971;265.8;153.64;336.64
972;40.0;51.31;45.34
973;118.4;139.7;168.54
974;43.6;60.28;56.94
975;245.4;49.63;46.86
976;75.5;49.33;43.86
977;170.6;77.81;74.62
978;114.0;77.81;74.62
979;48.0;83.72;80.54
980;39.9;48.7;42.7
981;118.2;180.24;188.57
982;48.0;81.43;78.91
983;66.8;74.16;71.06
984;374.3;110.89;106.95
985;66.6;61.63;58.73
986;88.0;81.43;78.91
987;52.7;61.63;58.73
988;43.6;74.16;71.06
989;176.6;74.16;71.06
990;87.2;122.22;114.48
991;50.0;74.16;71.06
992;203.0;114.36;126.67
993;119.3;103.35;101.65
994;199.0;204.3;207.81
995;67.0;103.35;101.65
996;39.9;69.58;64.84
997;260.0;77.81;74.62
998;276.25;126.98;174.76
999;65.3;83.72;80.54
1000;79.0;93.16;89.01
1001;109.3;111.05;112.03
1002;43.6;93.16;91.13
1003;43.6;93.16;91.13
1004;71.0;103.35;101.65
1005;48.8;110.89;106.95
1006;387.1;297.36;362.56
1007;39.9;61.63;58.73
1008;78.0;60.28;57.58
1009;65.0;81.43;78.91
1010;60.0;77.81;74.62
1011;126.0;160.85;148.86
1012;43.6;74.16;71.06
1013;284.1;107.15;105.15
1014;65.0;80.1;117.94
1015;93.0;69.58;64.84
1016;54.6;110.89;106.95
1017;285.6;93.16;97.32
1018;51.0;107.15;105.15
1019;49.5;90.39;89.27
1020;50.6;77.81;74.62
1021;102.1;156.64;306.22
1022;205.2;81.43;78.91
1023;82.2;73.76;58.23
1024;134.0;92.91;143.18
1025;140.7;150.88;154.31
1026;166.1;90.39;89.27
1027;77.0;86.34;80.89
1028;54.0;58.74;55.18
1029;474.9;308.54;654.75
1030;47.5;77.81;74.62
1031;39.9;49.33;43.86
1032;49.5;90.39;89.27
1033;95.0;75.5;87.37
1034;124.6;171.05;166.45
1035;81.4;171.05;169.0
1036;191.7;74.16;71.06
1037;129.0;103.35;101.65
1038;48.0;81.43;78.91
1039;179.0;107.15;105.15
1040;235.1;150.88;175.65
1041;85.2;69.58;64.84
1042;47.4;81.43;78.91
1043;39.9;49.63;46.86
1044;153.4;95.48;92.08
1045;39.9;49.63;45.87
1046;203.3;150.88;154.31
1047;40.0;49.63;44.92
1048;85.1;68.82;76.33
1049;95.8;99.08;93.48
1050;249.6;77.81;74.62
1051;43.6;77.81;74.62
1052;90.5;69.58;64.84
1053;39.9;131.51;128.65
1054;66.8;110.89;88.94
1055;43.6;93.16;91.13
1056;617.1;208.88;217.76
1057;95.6;107.15;105.15
1058;54.2;74.16;71.06
1059;83.3;74.16;71.06
1060;94.0;60.28;57.58
1061;343.0;234.7;266.34
1062;40.0;58.74;55.18
1063;87.6;99.08;77.79
1064;82.0;93.16;91.13
1065;40.0;69.58;64.84
1066;55.7;81.43;78.91
1067;42.9;86.34;80.89
1068;39.9;49.33;44.82
1069;194.4;148.89;144.99
1070;217.0;83.72;78.67
1071;151.7;131.08;128.07
1072;93.1;91.38;97.76
1073;82.9;109.08;115.27
1074;105.2;77.81;74.62
1075;135.4;100.67;89.84
1076;64.0;82.61;72.33
1077;90.9;74.16;71.06
1078;151.0;114.22;151.24
1079;115.8;160.85;156.22
1080;147.0;83.72;80.54
1081;345.9;81.43;78.91
1082;162.0;58.74;55.18
1083;79.4;131.56;128.42
1084;354.3;303.16;339.76
1085;273.4;110.89;106.95
1086;175.7;58.74;55.18
1087;125.0;93.16;91.13
1088;78.0;74.16;71.06
1089;52.8;74.16;71.06
1090;43.6;74.16;71.06
1091;112.0;162.3;195.58
1092;44.0;74.16;71.06
1093;53.4;99.08;93.48
1094;152.0;124.17;122.25
1095;47.4;83.72;80.54
1096;76.0;60.28;57.58
1097;194.1;199.24;199.76
1098;48.2;81.43;78.91
1099;47.0;74.16;71.06
1100;139.0;150.88;154.31
1101;241.5;162.3;176.6
1102;185.4;142.27;157.79
1103;46.0;60.25;53.71
1104;169.2;178.5;308.38
1105;91.8;102.69;124.76
1106;141.2;187.88;178.55
1107;40.0;58.74;55.18
1108;52.6;99.08;93.48
1109;43.6;74.16;71.06
1110;136.0;148.62;161.34
1111;99.7;93.16;71.28
1112;50.0;83.72;80.54
1113;347.8;422.9;513.99
1114;92.5;58.74;55.18
1115;66.2;81.43;78.91
1116;97.1;69.58;64.84
1117;50.0;109.08;118.97
1118;109.0;93.16;91.13
1119;73.2;81.43;78.91
1120;43.7;69.58;64.84
1121;58.0;90.39;89.27
1122;52.0;49.33;43.86
1123;40.0;61.63;58.73
1124;44.0;74.16;71.06
1125;550.6;74.16;71.06
1126;56.7;90.39;89.27
1127;166.1;74.16;71.06
1128;50.0;103.35;101.65
1129;46.0;93.16;91.13
1130;84.5;101.89;75.09
1131;50.0;90.39;89.27
1132;55.0;93.16;89.01
1133;43.6;60.28;57.58
1134;40.0;61.63;58.73
1135;44.0;74.16;71.06
1136;39.9;61.63;58.73
1137;301.8;261.5;289.42
1138;267.3;83.72;78.67
1139;125.0;171.05;166.45
1140;241.0;74.16;71.06
1141;87.0;77.81;77.87
1142;144.7;160.97;159.97
1143;153.0;99.08;93.48
1144;74.0;60.28;57.73
1145;286.0;234.44;290.47
1146;50.0;103.35;101.65
1147;160.6;77.81;74.62
1148;150.0;93.16;91.13
1149;42.8;58.74;55.18
1150;569.8;217.68;251.97
1151;47.4;81.43;78.91
1152;40.0;49.63;46.86
1153;42.0;48.7;42.7
1154;48.0;69.58;64.84
1155;204.2;204.3;207.81
1156;284.0;208.88;290.87
1157;46.9;74.16;71.06
1158;39.9;58.74;55.18
1159;165.8;86.34;80.89
1160;685.0;519.3;774.62
1161;350.5;296.93;274.2
1162;39.9;58.74;55.18
1163;135.7;63.24;61.41
1164;70.0;74.16;71.06
1165;65.0;81.43;78.91
1166;78.0;61.63;58.73
1167;58.4;90.39;89.27
1168;46.7;74.45;59.95
1169;158.3;93.16;91.13
1170;66.0;67.27;56.38
1171;47.4;83.72;80.54
1172;49.5;107.15;105.15
1173;56.4;61.63;58.73
1174;43.5;93.16;89.01
1175;59.0;83.72;80.54
1176;40.0;58.74;55.18
1177;178.9;103.35;101.65
1178;43.6;72.9;68.12
1179;80.7;49.33;43.86
1180;438.6;124.17;203.92
1181;80.4;131.51;138.73
1182;467.6;243.59;607.26
1183;118.8;110.89;115.36
1184;139.3;81.43;78.91
1185;52.0;160.85;156.22
1186;156.0;81.43;78.91
1187;47.6;58.74;55.18
1188;267.8;257.18;204.65
1189;90.0;93.16;109.89
1190;43.6;74.16;71.06
1191;241.0;185.02;228.62
1192;116.1;110.89;106.95
1193;857.2;407.47;852.69
1194;70.0;74.16;71.06
1195;59.5;74.16;71.06
1196;82.0;93.16;89.01
1197;152.5;110.35;116.32
1198;504.0;302.72;363.96
1199;40.0;61.63;58.73
1200;40.0;58.74;55.18
1201;607.0;326.2;325.07
1202;53.1;61.63;58.73
1203;39.9;49.33;43.86
1204;272.2;204.3;212.95
1205;79.7;58.74;55.18
1206;105.7;74.16;71.06
1207;107.2;69.58;64.84
1208;301.7;81.43;78.91
1209;51.0;83.72;80.54
1210;235.5;103.35;101.65
1211;68.9;110.89;88.94
1212;242.0;177.26;205.11
1213;183.0;58.74;55.18
1214;96.0;69.58;64.84
1215;124.6;58.74;55.18
1216;59.1;90.39;89.27
1217;60.9;93.16;90.32
1218;120.3;81.43;78.91
1219;47.2;77.81;74.62
1220;272.0;93.16;91.13
1221;252.5;247.26;274.44
1222;142.0;69.58;64.84
1223;485.5;167.75;194.8
1224;238.0;179.23;229.81
1225;91.5;78.66;66.16
1226;59.8;115.31;121.15
1227;110.0;83.72;80.54
1228;63.0;90.39;89.27
1229;155.4;109.08;118.97
1230;90.0;242.22;273.89
1231;49.0;83.72;80.54
1232;181.5;93.16;89.01
1233;135.0;177.26;177.54
1234;43.6;74.16;71.06
1235;88.0;162.3;176.6
1236;55.1;58.74;55.18
1237;45.0;77.81;74.62
1238;61.0;83.72;80.54
1239;52.5;83.05;175.62
1240;275.2;161.33;214.88
1241;91.0;83.72;80.54
1242;135.7;77.81;74.62
1243;39.9;58.74;55.18
1244;44.0;60.28;57.58
1245;61.4;74.16;71.06
1246;40.0;85.15;60.39
1247;148.3;124.17;122.25
1248;52.7;58.74;55.18
1249;122.4;74.16;71.06
1250;47.4;81.43;78.91
1251;61.3;99.08;93.48
1252;114.0;124.17;198.82
1253;94.7;115.31;97.24
1254;81.0;171.05;169.0
1255;145.8;171.05;169.0
1256;50.0;99.08;93.48
1257;64.4;110.89;106.95
1258;61.3;99.08;93.48
1259;146.6;93.16;89.01
1260;241.0;93.16;91.13
1261;44.0;74.16;71.06
1262;168.0;93.16;89.01
1263;39.9;49.33;43.86
1264;363.0;190.58;209.73
1265;49.5;90.39;89.27
1266;39.9;61.63;58.73
1267;49.5;90.39;89.27
1268;49.6;69.58;64.84
1269;211.5;93.16;91.13
1270;44.0;74.16;71.06
1271;43.6;74.16;71.06
1272;46.0;49.63;44.92
1273;231.4;179.26;243.43
1274;88.0;74.16;71.06
1275;44.0;74.16;71.06
1276;152.7;116.12;125.08
1277;99.0;74.16;71.06
1278;348.6;81.43;78.91
1279;61.0;93.16;91.13
1280;321.3;124.17;122.25
1281;40.0;49.63;45.87
1282;94.1;115.62;100.23
1283;60.0;58.74;59.91
1284;102.0;74.16;71.06
1285;108.3;74.16;71.06
1286;462.9;116.12;139.62
1287;224.3;91.87;169.47
1288;106.0;109.08;151.86
1289;48.0;81.43;78.91
1290;113.7;204.3;361.93
1291;151.5;77.81;74.62
1292;39.9;61.63;58.73
1293;39.9;49.33;44.82
1294;45.0;77.81;74.62
1295;65.5;58.74;55.18
1296;43.5;49.33;43.86
1297;191.8;74.16;71.06
1298;405.2;208.88;217.76
1299;96.0;124.17;122.25
1300;95.4;81.43;78.91
1301;126.0;74.16;71.06
1302;54.6;93.16;89.01
1303;65.0;103.35;101.65
1304;183.0;204.3;206.27
1305;72.9;77.81;74.62
1306;39.9;61.63;58.73
1307;175.4;58.74;55.18
1308;133.9;93.16;91.13
1309;130.0;166.29;162.47
1310;355.5;263.34;256.7
1311;47.6;115.31;121.15
1312;65.0;86.44;64.39
1313;371.6;124.17;175.01
1314;85.9;90.39;89.27
1315;85.0;81.43;78.91
1316;67.4;86.44;74.81
1317;63.1;95.48;92.08
1318;49.5;90.39;89.27
1319;39.9;48.7;42.55
1320;85.6;86.34;80.89
1321;50.0;90.39;89.27
1322;102.0;58.74;55.18
1323;198.0;228.24;242.15
1324;128.0;93.16;91.13
1325;121.0;149.8;156.33
1326;158.9;178.5;181.04
1327;56.1;58.74;55.18
1328;39.9;58.74;55.18
1329;124.0;81.43;78.91
1330;120.2;110.89;106.95
1331;240.1;236.53;262.16
1332;120.0;124.17;131.87
1333;44.0;60.28;57.58
1334;43.6;93.16;91.13
1335;59.2;69.58;64.84
1336;40.0;69.58;64.84
1337;138.1;180.24;175.44
1338;44.0;74.16;71.06
1339;44.75;49.33;43.86
1340;76.6;162.3;176.6
1341;51.1;72.9;68.12
1342;50.5;74.16;71.06
1343;57.0;58.74;55.18
1344;187.2;131.08;128.07
1345;483.8;292.1;379.18
1346;39.9;58.74;55.18
1347;43.6;77.81;74.62
1348;96.3;90.39;89.27
1349;235.5;124.17;122.25
1350;49.1;81.43;78.91
1351;190.4;120.31;199.31
1352;406.7;77.81;74.62
1353;115.0;58.74;55.18
1354;56.1;77.38;71.54
1355;45.0;60.28;57.58
1356;62.0;83.72;80.54
1357;237.8;109.08;123.66
1358;230.4;217.68;275.06
1359;285.2;93.16;91.13
1360;217.8;166.29;163.42
1361;39.9;69.58;64.84
1362;92.7;107.15;97.71
1363;70.0;74.16;71.06
1364;86.7;108.73;94.28
1365;80.5;101.89;97.5
1366;83.0;90.21;81.67
1367;704.8;391.71;470.78
1368;81.6;116.12;125.08
1369;39.9;49.63;44.92
1370;56.1;93.16;91.13
1371;63.9;58.74;55.18
1372;71.0;77.81;74.62
1373;43.5;69.58;52.81
1374;61.0;69.58;64.84
1375;48.0;77.81;74.62
1376;139.1;81.43;78.91
1377;137.7;124.17;122.25
1378;159.0;107.15;105.15
1379;60.4;58.74;55.18
1380;303.9;74.16;71.06
1381;44.0;77.81;74.62
1382;44.0;77.81;74.62
1383;120.0;93.16;91.13
1384;205.0;81.43;78.91
1385;55.9;77.81;74.62
1386;39.9;58.74;55.18
1387;57.0;93.16;91.13
1388;158.2;107.15;105.15
1389;39.9;49.33;44.82
1390;54.1;110.89;106.95
1391;152.8;215.02;227.34
1392;127.9;69.58;64.84
1393;180.4;110.89;106.95
1394;79.6;83.72;80.54
1395;87.1;61.63;58.73
1396;164.9;147.33;162.31
1397;43.6;60.28;57.58
1398;142.6;119.79;103.0
1399;185.7;160.85;156.22
1400;198.6;81.43;78.91
1401;87.0;74.16;71.06
1402;169.3;58.74;55.18
1403;207.2;94.22;119.17
1404;50.2;81.43;78.91
1405;107.8;124.17;122.25
1406;102.9;93.16;91.13
1407;80.5;74.16;71.06
1408;82.6;105.27;98.82
1409;39.9;58.74;55.18
1410;47.4;74.16;71.06
1411;57.0;83.72;80.54
1412;49.5;103.35;101.65
1413;246.0;131.56;128.42
1414;43.6;74.16;71.06
1415;44.0;93.16;91.13
1416;39.9;61.63;58.73
1417;39.9;58.74;55.18
1418;121.0;90.39;89.27
1419;111.6;102.69;118.85
1420;125.0;77.81;74.62
1421;39.9;61.63;58.73
1422;303.5;483.25;999.11
1423;85.9;74.16;71.06
1424;65.0;110.89;106.95
1425;225.8;227.11;262.33
1426;50.0;93.16;91.13
1427;68.0;77.81;74.62
1428;40.0;58.74;55.18
1429;343.8;199.24;199.76
1430;531.6;296.93;486.26
1431;98.0;99.08;93.48
1432;39.9;58.74;55.18
1433;346.0;101.09;126.22
1434;50.0;77.81;74.62
1435;79.3;81.43;78.91
1436;51.9;86.34;80.89
1437;39.9;49.33;44.82
1438;234.5;191.98;258.19
1439;179.1;90.39;89.27
1440;197.8;93.16;89.01
1441;43.6;58.74;55.18
1442;44.0;60.28;57.58
1443;78.8;68.23;89.52
1444;429.0;341.02;425.87
1445;105.0;123.98;146.66
1446;51.9;99.08;93.48
1447;104.0;156.53;149.79
1448;151.8;131.08;128.07
1449;55.0;83.72;80.54
1450;217.6;74.16;71.06
1451;206.4;167.59;215.25
1452;142.0;116.92;138.92
1453;73.0;171.05;133.94
1454;39.9;49.33;43.86
1455;43.6;77.81;74.62
1456;39.9;48.7;42.7
1457;39.9;61.63;58.73
1458;77.5;90.39;89.27
1459;191.0;109.08;123.66
1460;40.0;58.74;55.18
1461;39.9;49.33;43.86
1462;113.7;124.17;118.4
1463;756.4;192.62;345.82
1464;161.1;93.16;90.32
1465;190.5;124.17;122.25
1466;44.0;77.81;74.62
1467;47.4;81.43;78.91
1468;250.6;103.35;101.65
1469;96.0;99.08;93.48
1470;61.4;100.01;96.8
1471;49.5;160.85;156.22
1472;489.9;173.81;242.01
1473;262.0;232.95;248.29
1474;170.0;109.08;118.97
1475;48.2;77.81;74.62
1476;39.9;58.74;55.18
1477;107.0;166.01;168.98
1478;186.3;131.51;141.57
1479;39.9;61.63;58.73
1480;50.4;93.16;89.01
1481;98.0;82.11;126.87
1482;48.0;81.43;78.91
1483;44.0;77.81;74.62
1484;102.3;109.08;151.86
1485;137.2;103.21;105.15
1486;64.9;90.39;89.27
1487;274.5;150.88;154.31
1488;52.6;74.16;71.06
1489;137.0;52.54;50.73
1490;162.9;103.35;101.65
1491;85.0;100.67;89.84
1492;148.6;77.81;74.62
1493;108.4;86.34;80.89
1494;43.6;60.28;57.58
1495;50.0;90.39;89.27
1496;75.0;109.08;123.66
1497;236.0;177.37;210.27
1498;151.4;124.17;122.25
1499;56.3;93.16;89.01
1500;55.7;77.81;74.62
1501;332.0;326.2;323.66
1502;132.9;190.58;186.49
1503;116.8;91.52;129.12
1504;753.8;319.31;305.5
1505;44.0;77.81;74.62
1506;39.9;58.74;55.18
1507;70.0;90.39;89.27
1508;98.6;74.16;88.86
1509;140.9;69.58;64.84
1510;91.0;160.85;156.22
1511;71.0;73.76;63.41
1512;50.0;77.81;74.62
1513;190.0;131.51;136.67
1514;50.0;90.39;89.27
1515;61.0;81.43;78.91
1516;52.9;69.58;64.84
1517;138.2;93.16;91.13
1518;43.6;58.74;55.18
1519;94.2;83.72;80.54
1520;89.6;105.27;98.82
1521;44.0;77.81;74.62
1522;89.0;110.89;106.95
1523;73.0;69.58;64.84
1524;157.0;81.75;61.45
1525;43.6;93.16;91.13
1526;176.0;156.37;147.18
1527;94.4;74.16;71.06
1528;66.0;107.15;105.15
1529;53.3;58.74;61.93
1530;88.0;162.3;176.6
1531;59.4;93.16;91.13
1532;52.0;69.58;64.84
1533;474.3;215.02;375.13
1534;220.2;74.16;71.06
1535;49.5;83.72;78.67
1536;130.0;81.43;78.91
1537;66.9;83.72;80.54
1538;112.1;90.39;89.27
1539;145.2;184.43;168.99
1540;218.3;214.64;210.35
1541;185.0;129.22;171.32
1542;300.0;81.43;78.91
1543;44.0;74.16;71.06
1544;131.8;58.74;55.18
1545;43.6;60.28;57.58
1546;48.0;81.43;78.91
1547;44.0;74.16;71.06
1548;110.0;122.22;114.48
1549;213.2;74.16;71.06
1550;48.0;81.43;78.91
1551;43.6;77.81;74.62
1552;172.4;110.89;106.95
1553;110.0;100.35;102.84
1554;280.0;58.74;55.18
1555;64.0;74.16;71.06
1556;131.9;81.43;78.91
1557;56.8;58.74;55.18
1558;39.9;58.74;55.18
1559;48.0;77.81;74.62
1560;115.0;103.35;101.65
1561;216.6;150.88;190.76
1562;39.9;86.34;80.89
1563;39.9;49.63;45.87
1564;43.6;74.16;71.06
1565;39.9;61.63;58.73
1566;73.0;93.16;82.95
1567;47.4;74.16;71.06
1568;43.7;74.16;71.06
1569;88.7;93.16;89.01
1570;44.0;77.81;74.62
1571;60.0;93.16;91.13
1572;297.0;266.98;243.31
1573;44.0;74.16;71.06
1574;52.0;74.16;71.06
1575;39.9;58.74;55.18
1576;56.8;86.34;80.89
1577;90.0;86.34;80.89
1578;47.5;81.43;78.91
1579;102.6;124.17;122.25
1580;66.1;68.16;71.79
1581;55.0;74.16;71.06
1582;278.6;101.09;122.32
1583;60.7;74.16;71.06
1584;347.9;227.11;264.9
1585;49.6;90.39;89.27
1586;113.0;131.56;110.43
1587;223.1;171.05;206.03
1588;49.5;107.15;105.15
1589;39.9;58.74;55.18
1590;361.3;74.16;71.06
1591;478.1;74.16;71.06
1592;76.7;74.16;71.06
1593;58.1;77.81;74.62
1594;385.7;297.36;362.56
1595;49.0;58.74;55.18
1596;112.9;81.43;99.56
1597;112.7;93.16;91.13
1598;82.0;124.17;104.28
1599;47.4;83.72;80.54
1600;180.8;99.08;144.38
1601;236.8;135.69;142.15
1602;57.5;109.08;123.66
1603;190.0;103.35;101.65
1604;65.0;90.39;89.27
1605;666.0;442.95;500.21
1606;316.3;69.58;64.84
1607;39.9;58.74;55.18
1608;47.1;93.16;91.13
1609;40.0;61.63;58.73
1610;39.9;58.74;55.18
1611;283.7;312.94;332.31
1612;62.0;74.16;71.06
1613;322.0;293.01;405.12
1614;169.6;74.16;71.06
1615;41.2;58.74;55.18
1616;235.1;103.35;101.65
1617;184.8;124.17;165.72
1618;46.8;93.16;91.13
1619;141.0;69.58;64.84
1620;154.1;211.65;250.76
1621;43.6;93.16;91.13
1622;127.0;93.16;91.13
1623;177.0;124.17;122.25
1624;87.0;81.43;78.91
1625;43.6;74.16;71.06
1626;302.0;110.89;106.95
1627;40.9;58.74;55.18
1628;40.0;58.74;55.18
1629;119.3;135.69;131.82
1630;45.0;77.81;74.62
1631;233.1;136.52;178.93
1632;387.9;243.59;267.22
1633;301.8;139.36;238.96
1634;39.9;58.74;55.18
1635;47.0;69.58;64.84
1636;50.0;90.39;89.27
1637;279.5;171.05;169.0
1638;44.2;72.9;68.12
1639;96.0;123.98;128.84
1640;76.7;93.16;89.01
1641;39.9;61.63;58.73
1642;52.0;74.16;71.06
1643;184.4;74.16;71.06
1644;63.7;61.63;58.73
1645;73.5;81.43;78.91
1646;44.0;74.16;71.06
1647;48.6;61.63;58.73
1648;240.0;77.81;74.62
1649;383.4;58.74;55.18
1650;202.8;162.3;192.78
1651;213.3;124.17;122.25
1652;175.0;109.0;166.56
1653;151.3;81.43;78.91
1654;105.3;83.72;80.54
1655;39.9;49.63;46.86
1656;40.0;61.63;58.73
1657;183.0;124.17;122.25
1658;43.6;74.16;71.06
1659;68.4;103.35;101.65
1660;77.7;58.74;55.18
1661;39.9;69.58;64.84
1662;169.8;74.16;71.06
1663;65.6;92.52;80.75
1664;54.0;81.43;78.91
1665;47.4;81.43;78.91
1666;125.0;93.16;89.01
1667;40.0;69.58;64.84
1668;45.0;86.34;72.94
1669;43.6;74.16;71.06
1670;229.7;204.3;212.95
1671;128.0;88.83;78.54
1672;46.4;77.81;74.62
1673;99.0;58.74;55.18
1674;176.3;131.51;133.35
1675;79.0;69.58;64.84
1676;84.0;81.43;78.91
1677;47.4;81.43;78.91
1678;172.4;110.89;106.95
1679;122.1;99.08;93.48
1680;43.6;93.16;91.13
1681;312.9;124.17;122.25
1682;299.7;90.39;89.27
1683;152.1;124.17;122.25
1684;49.5;90.39;89.27
1685;39.9;52.23;48.52
1686;44.0;77.81;74.62
1687;160.0;93.16;91.13
1688;484.0;221.68;290.59
1689;150.3;77.81;74.62
1690;50.4;49.33;44.82
1691;226.9;199.24;199.76
1692;119.1;93.16;91.13
1693;41.5;61.63;58.73
1694;214.0;74.16;71.06
1695;82.8;93.16;89.01
1696;88.9;74.16;71.06
1697;60.8;69.58;64.84
1698;445.0;101.97;202.23
1699;64.5;110.89;106.95
1700;342.4;227.11;446.03
1701;282.9;77.81;74.62
1702;141.2;124.17;122.25
1703;47.5;83.72;80.54
1704;101.0;74.16;71.06
1705;61.9;107.15;105.15
1706;424.0;156.37;147.18
1707;514.0;124.17;122.25
1708;89.8;81.43;78.91
1709;60.0;93.16;91.13
1710;39.9;58.74;55.18
1711;53.7;69.58;64.84
1712;144.0;120.32;167.72
1713;103.4;81.43;78.91
1714;214.9;184.43;168.99
1715;78.0;60.28;57.58
1716;162.1;58.74;141.41
1717;393.3;297.36;362.56
1718;46.0;93.16;91.13
1719;78.8;93.16;89.01
1720;39.9;58.74;55.18
1721;71.0;77.81;74.62
1722;44.1;93.16;85.43
1723;312.5;90.39;89.27
1724;39.9;49.33;44.82
1725;65.0;74.16;71.06
1726;112.1;93.16;91.13
1727;87.4;131.08;128.07
1728;196.2;58.74;55.18
1729;52.0;110.89;106.95
1730;965.0;74.16;71.06
1731;39.9;69.58;64.84
1732;39.9;69.58;64.84
1733;432.4;150.88;154.31
1734;50.5;77.81;74.62
1735;114.9;150.88;154.31
1736;54.0;69.58;113.59
1737;42.0;69.58;64.84
1738;74.0;69.58;67.66
1739;49.0;81.43;78.91
1740;58.25;110.89;106.95
1741;85.0;99.08;93.48
1742;90.7;97.44;87.83
1743;187.0;135.69;131.82
1744;50.0;74.16;71.06
1745;40.0;49.33;44.82
1746;219.7;124.17;205.76
1747;88.0;171.05;169.0
1748;46.0;74.16;71.06
1749;62.7;123.98;128.84
1750;182.4;162.3;176.6
1751;51.3;69.58;64.84
1752;39.9;49.63;45.87
1753;205.7;186.36;270.53
1754;102.0;77.81;74.62
1755;342.0;162.3;176.6
1756;47.4;83.72;80.54
1757;39.9;58.74;55.18
1758;406.4;200.53;288.85
1759;44.0;93.16;91.13
1760;47.5;81.43;78.91
1761;43.6;77.81;74.62
1762;44.0;74.16;71.06
1763;199.5;93.16;91.13
1764;65.0;77.81;74.62
1765;302.0;81.43;77.08
1766;149.0;82.61;94.06
1767;61.6;58.74;55.18
1768;78.0;51.31;45.34
1769;108.8;110.89;106.95
1770;161.3;166.01;168.98
1771;196.4;136.91;179.44
1772;86.4;93.16;91.13
1773;148.0;178.5;181.04
1774;80.1;74.16;71.06
1775;39.9;58.74;55.18
1776;39.9;49.33;43.86
1777;113.6;150.88;154.31
1778;127.3;86.34;80.89
1779;151.0;93.16;91.13
1780;100.2;77.81;74.62
1781;102.0;99.08;93.48
1782;47.4;81.43;78.91
1783;220.5;93.16;89.01
1784;44.0;74.16;71.06
1785;172.0;142.27;157.79
1786;47.4;81.43;78.91
1787;95.9;61.63;58.73
1788;97.9;58.74;55.18
1789;48.0;74.16;71.06
1790;47.4;81.43;78.91
1791;168.1;124.17;122.25
1792;254.1;81.43;78.91
1793;78.3;58.74;55.18
1794;312.0;268.58;279.58
1795;39.9;69.58;64.84
1796;146.5;124.17;122.25
1797;50.0;69.58;64.84
1798;110.0;77.81;63.68
1799;49.9;61.63;58.73
1800;107.0;74.16;71.68
1801;64.0;68.82;76.33
1802;146.7;77.81;74.62
1803;52.6;81.43;78.91
1804;216.4;150.88;154.31
1805;107.0;69.58;64.84
1806;142.4;74.16;71.06
1807;39.9;48.7;42.7
1808;108.8;131.51;152.1
1809;44.5;93.16;91.13
1810;220.5;74.16;71.06
1811;50.0;58.74;55.18
1812;178.1;74.16;71.06
1813;295.8;110.89;106.95
1814;82.7;110.89;106.95
1815;83.0;128.01;108.58
1816;103.0;77.81;74.62
1817;154.0;204.3;207.81
1818;50.0;110.89;106.95
1819;373.0;305.49;436.23
1820;48.4;77.81;58.37
1821;52.9;77.81;74.62
1822;468.0;245.19;294.69
1823;42.7;49.33;44.82
1824;47.4;81.43;78.91
1825;384.4;109.08;118.97
1826;84.0;74.16;71.06
1827;166.3;58.74;55.18
1828;55.5;93.16;91.13
1829;44.0;74.16;71.06
1830;58.0;110.89;106.95
1831;57.0;74.16;71.06
1832;152.0;109.08;115.27
1833;170.0;110.89;106.95
1834;59.7;107.15;105.15
1835;50.0;83.72;80.54
1836;195.5;188.75;203.28
1837;72.1;99.08;93.48
1838;57.8;58.74;71.22
1839;49.0;74.16;71.06
1840;40.0;58.74;55.18
1841;110.2;83.72;80.54
1842;46.8;58.74;55.18
1843;251.3;204.44;202.43
1844;451.1;83.72;80.54
1845;299.0;93.16;89.01
1846;64.8;99.08;93.48
1847;157.0;160.85;156.22
1848;48.8;74.16;71.06
1849;100.7;104.48;107.89
1850;223.4;131.51;141.57
1851;60.6;58.74;55.18
1852;48.0;72.9;68.12
1853;56.0;77.81;74.62
1854;133.0;160.85;119.95
1855;43.6;93.16;91.13
1856;298.6;156.53;149.79
1857;191.8;90.39;89.27
1858;49.5;162.3;176.6
1859;40.0;78.66;59.43
1860;61.0;74.16;71.06
1861;59.6;74.16;71.06
1862;172.5;103.35;101.65
1863;44.0;74.16;71.06
1864;64.9;99.08;93.48
1865;72.5;109.08;127.15
1866;238.6;74.16;71.06
1867;50.6;109.08;115.27
1868;97.0;109.08;118.97
1869;466.0;103.35;101.65
1870;406.7;74.16;71.06
1871;53.45;69.58;64.84
1872;44.0;77.81;74.62
1873;39.9;61.63;58.73
1874;42.7;49.33;43.86
1875;100.8;63.24;61.41
1876;62.1;81.43;78.91
1877;43.6;77.81;74.62
1878;49.5;107.15;105.15
1879;172.3;110.89;106.95
1880;39.9;48.7;42.7
1881;144.0;81.43;78.91
1882;40.0;69.58;64.84
1883;115.0;81.43;91.96
1884;39.9;49.63;46.86
1885;39.9;58.74;55.18
1886;101.0;93.16;91.13
1887;282.0;90.39;89.27
1888;43.6;74.16;71.06
1889;56.0;90.39;89.27
1890;543.8;218.37;340.98
1891;316.7;74.16;71.06
1892;55.0;162.3;176.6
1893;39.9;48.7;42.7
1894;51.7;77.81;74.62
1895;351.2;208.88;217.76
1896;94.7;77.81;74.62
1897;74.6;110.89;106.95
1898;74.0;90.39;89.27
1899;150.0;93.16;91.13
1900;62.0;99.08;93.48
1901;128.7;93.16;89.01
1902;68.6;105.27;98.82
1903;87.8;81.43;78.91
1904;48.0;81.43;78.91
1905;47.0;77.81;74.62
1906;53.0;93.16;91.13
1907;226.4;77.81;74.62
1908;59.0;83.72;80.54
1909;72.0;131.08;128.07
1910;39.9;58.74;55.18
1911;55.1;77.81;74.62
1912;71.3;93.16;91.13
1913;106.9;109.08;115.27
1914;104.9;93.16;89.01
1915;133.8;81.43;78.91
1916;39.9;48.7;42.7
1917;44.0;77.81;74.62
1918;81.0;105.27;108.0
1919;188.2;109.08;118.97
1920;231.6;190.58;186.49
1921;118.7;107.15;105.15
1922;159.7;74.16;71.06
1923;39.9;61.63;58.73
1924;260.7;306.06;330.02
1925;44.0;77.81;74.62
1926;182.8;190.58;186.49
1927;151.0;131.51;132.71
1928;400.0;149.64;202.67
1929;39.9;61.63;58.73
1930;90.1;77.81;74.62
1931;43.6;74.16;71.06
1932;118.3;133.91;126.02
1933;123.0;162.3;176.6
1934;104.2;77.81;74.62
1935;39.9;58.74;55.18
1936;45.0;93.16;91.13
1937;146.7;150.88;154.31
1938;118.1;204.3;207.81
1939;132.0;93.16;91.13
1940;100.0;81.43;78.91
1941;275.3;131.56;128.42
1942;310.5;90.39;89.27
1943;149.6;103.35;101.65
1944;290.0;86.34;80.89
1945;45.0;74.16;71.06
1946;44.4;74.16;71.06
1947;321.2;107.15;105.15
1948;100.0;83.72;80.54
1949;107.9;49.63;45.87
1950;39.9;58.74;55.18
1951;47.4;81.43;78.91
1952;172.0;61.63;58.73
1953;100.0;93.16;91.13
1954;428.0;227.11;307.32
1955;126.0;105.27;136.05
1956;59.2;74.16;71.06
1957;75.3;61.63;58.73
1958;52.4;49.33;44.82
1959;62.0;58.74;55.18
1960;67.5;110.89;88.94
1961;169.3;74.16;71.06
1962;116.8;61.63;81.0
1963;60.0;73.76;61.96
1964;48.0;81.43;78.91
1965;114.3;128.01;108.58
1966;100.25;74.16;71.06
1967;345.7;144.92;192.67
1968;818.5;244.9;416.99
1969;939.4;634.43;931.04
1970;156.0;90.39;89.27
1971;47.0;93.16;89.01
1972;47.4;74.16;71.06
1973;40.0;61.63;58.73
1974;110.8;58.74;55.18
1975;152.1;178.5;181.04
1976;112.4;204.3;207.81
1977;398.0;296.93;365.26
1978;113.6;105.27;101.32
1979;57.0;74.16;71.06
1980;51.0;105.27;101.32
1981;39.9;49.63;44.92
1982;213.0;77.81;74.62
1983;85.8;82.11;126.87
1984;65.4;81.43;78.91
1985;43.6;74.16;71.06
1986;39.9;58.74;55.18
1987;39.9;58.74;55.18
1988;105.0;83.72;80.54
1989;167.0;124.17;122.25
1990;60.7;99.08;93.48
1991;65.0;58.74;55.18
1992;119.0;133.91;126.02
1993;123.0;148.89;144.99
1994;328.0;321.35;575.7
1995;161.3;110.89;88.94
1996;52.5;110.89;106.95
1997;179.9;103.35;101.65
1998;44.0;74.16;71.06
1999;45.0;77.81;74.62
2000;43.6;60.28;57.58
2001;228.0;131.08;128.07
2002;52.4;93.16;89.01
2003;76.8;77.81;74.62
2004;72.6;74.16;71.06
2005;119.9;110.89;106.95
2006;61.0;49.33;43.86
2007;43.6;77.81;74.62
2008;134.8;131.56;169.95
2009;534.5;321.35;291.95
2010;68.9;49.63;46.86
2011;67.6;93.16;91.13
2012;39.9;49.33;44.82
2013;81.7;93.16;91.13
2014;535.9;131.08;159.99
2015;350.0;60.28;147.56
2016;39.9;69.58;64.84
2017;238.4;211.35;234.12
2018;311.1;171.76;211.53
2019;100.0;106.65;85.4
2020;400.0;149.64;202.67
2021;77.3;86.34;80.89
2022;312.0;238.19;272.72
2023;85.5;93.16;89.01
2024;157.6;93.16;89.01
2025;243.6;131.08;128.07
2026;216.2;77.81;74.62
2027;39.9;69.58;64.84
2028;429.0;356.44;764.89
2029;75.3;93.16;91.13
2030;152.0;83.72;80.54
2031;190.0;150.88;276.1
2032;53.0;49.33;43.86
2033;89.0;81.43;78.91
2034;76.1;111.7;107.25
2035;39.9;58.74;55.18
2036;69.0;105.27;79.31
2037;186.5;107.15;105.15
2038;394.3;166.01;168.98
2039;166.3;124.17;122.25
2040;171.0;124.17;122.25
2041;54.5;74.16;71.06
2042;45.0;63.24;61.41
2043;248.1;213.52;222.96
2044;49.9;61.63;58.73
2045;43.6;74.16;71.06
2046;154.0;184.43;168.99
2047;72.5;69.58;64.84
2048;75.0;110.89;106.95
2049;82.5;86.34;80.89
2050;72.0;70.95;106.82
2051;98.0;58.74;85.45
2052;43.6;74.16;71.06
2053;217.0;150.88;133.6
2054;59.8;99.08;93.48
2055;245.1;177.26;219.48
2056;139.0;69.58;64.84
2057;97.0;124.17;122.25
2058;81.0;63.24;61.41
2059;43.6;74.16;71.06
2060;95.6;69.58;64.84
2061;44.0;77.81;74.62
2062;246.4;60.28;57.58
2063;44.0;74.16;71.06
2064;40.0;58.74;55.18
2065;183.0;109.08;127.15
2066;112.8;81.43;78.91
2067;228.8;77.81;74.62
2068;40.0;69.58;64.84
2069;75.7;74.16;71.06
2070;51.3;58.74;55.18
2071;203.0;74.16;71.06
2072;60.3;110.89;106.95
2073;142.7;58.74;55.18
2074;39.9;78.66;57.82
2075;139.8;203.06;205.16
2076;81.1;124.17;122.25
2077;255.7;74.16;71.06
2078;117.5;131.08;128.07
2079;40.0;58.74;55.18
2080;193.0;58.74;55.18
2081;371.6;74.16;71.06
2082;48.3;66.09;70.2
2083;77.0;227.11;262.33
2084;43.6;74.16;71.06
2085;86.8;122.55;106.55
2086;175.5;99.08;93.48
2087;40.0;49.33;43.86
2088;59.3;58.74;55.18
2089;39.9;86.34;80.89
2090;86.9;77.81;74.62
2091;218.9;208.88;217.76
2092;44.0;93.16;91.13
2093;40.0;49.63;44.92
2094;70.3;103.35;101.65
2095;39.9;58.74;55.18
2096;94.0;131.56;128.42
2097;66.7;120.37;93.71
2098;44.0;77.81;74.62
2099;57.0;83.72;80.54
2100;560.7;243.59;328.32
2101;205.3;74.16;71.06
2102;111.8;93.16;95.09
2103;75.2;99.08;93.48
2104;549.9;397.04;510.92
2105;141.5;116.92;138.92
2106;222.0;296.85;168.12
2107;163.0;131.56;128.42
2108;194.5;110.89;106.95
2109;48.0;61.63;58.73
2110;125.0;83.72;78.67
2111;171.0;227.11;251.78
2112;49.5;90.39;89.27
2113;183.0;131.51;168.14
2114;115.0;69.58;64.84
2115;249.4;107.15;105.15
2116;173.0;61.63;58.73
2117;70.3;105.27;101.32
2118;146.5;93.16;89.01
2119;177.0;81.43;77.08
2120;69.0;105.27;98.82
2121;43.6;74.16;71.06
2122;82.0;93.16;94.23
2123;49.5;90.39;89.27
2124;209.9;74.16;71.06
2125;43.6;74.16;71.06
2126;40.0;61.63;58.73
2127;182.7;171.05;169.0
2128;145.0;105.27;101.32
2129;43.6;77.81;74.62
2130;44.9;74.16;71.06
2131;39.9;86.34;80.89
2132;77.0;58.74;55.18
2133;47.4;81.43;78.91
2134;44.0;60.28;57.58
2135;100.4;99.08;94.37
2136;58.6;110.89;106.95
